location_id,date,actual_max_temp,actual_min_temp,actual_precipitation,source,verified
atlanta,2026-03-30 00:00:00,72.5,55.9,,open-meteo (Hartsfield-Jackson Atlanta International Airport),t
atlanta,2026-03-31 00:00:00,80.2,59.4,,open-meteo (Hartsfield-Jackson Atlanta International Airport),t
atlanta,2026-04-01 00:00:00,82.6,60.6,,open-meteo (Hartsfield-Jackson Atlanta International Airport),t
atlanta,2026-04-02 00:00:00,80.3,60.4,,open-meteo (Hartsfield-Jackson Atlanta International Airport),t
atlanta,2026-04-03 00:00:00,79.2,59.8,,open-meteo (Hartsfield-Jackson Atlanta International Airport),t
atlanta,2026-04-04 00:00:00,81.2,62.5,,open-meteo (Hartsfield-Jackson Atlanta International Airport),t
atlanta,2026-04-05 00:00:00,69.6,56.3,,open-meteo (Hartsfield-Jackson Atlanta International Airport),t
atlanta,2026-04-06 00:00:00,65.4,48.4,,open-meteo (Hartsfield-Jackson Atlanta International Airport),t
atlanta,2026-04-07 00:00:00,75.4,49.9,,open-meteo (Hartsfield-Jackson Atlanta International Airport),t
atlanta,2026-04-08 00:00:00,67.7,50.5,,open-meteo (Hartsfield-Jackson Atlanta International Airport),t
atlanta,2026-04-09 00:00:00,69.7,46.7,,open-meteo (Hartsfield-Jackson Atlanta International Airport),t
atlanta,2026-04-10 00:00:00,75.7,47.3,,open-meteo (Hartsfield-Jackson Atlanta International Airport),t
atlanta,2026-04-11 00:00:00,83.0,52.2,,open-meteo (Hartsfield-Jackson Atlanta International Airport),t
atlanta,2026-04-12 00:00:00,83.8,55.8,,open-meteo (Hartsfield-Jackson Atlanta International Airport),t
atlanta,2026-04-13 00:00:00,80.5,57.8,,open-meteo (Hartsfield-Jackson Atlanta International Airport),t
atlanta,2026-04-14 00:00:00,83.9,59.3,,open-meteo (Hartsfield-Jackson Atlanta International Airport),t
atlanta,2026-04-15 00:00:00,84.3,59.4,,open-meteo (Hartsfield-Jackson Atlanta International Airport),t
atlanta,2026-04-16 00:00:00,83.8,60.4,,open-meteo (Hartsfield-Jackson Atlanta International Airport),t
atlanta,2026-04-17 00:00:00,88.2,62.6,,open-meteo (Hartsfield-Jackson Atlanta International Airport),t
atlanta,2026-04-18 00:00:00,84.1,63.1,,open-meteo (Hartsfield-Jackson Atlanta International Airport),t
atlanta,2026-04-19 00:00:00,69.3,48.9,,open-meteo (Hartsfield-Jackson Atlanta International Airport),t
atlanta,2026-04-20 00:00:00,75.3,44.1,,open-meteo (Hartsfield-Jackson Atlanta International Airport),t
atlanta,2026-04-21 00:00:00,78.1,51.4,,open-meteo (Hartsfield-Jackson Atlanta International Airport),t
atlanta,2026-04-22 00:00:00,81.9,56.8,,open-meteo (Hartsfield-Jackson Atlanta International Airport),t
atlanta,2026-04-23 00:00:00,81.9,55.8,,open-meteo (Hartsfield-Jackson Atlanta International Airport),t
atlanta,2026-04-24 00:00:00,82.0,57.9,,open-meteo (Hartsfield-Jackson Atlanta International Airport),t
atlanta,2026-04-25 00:00:00,73.2,62.2,,open-meteo (Hartsfield-Jackson Atlanta International Airport),t
atlanta,2026-04-26 00:00:00,81.5,61.1,,open-meteo (Hartsfield-Jackson Atlanta International Airport),t
atlanta,2026-04-27 00:00:00,74.0,58.3,,open-meteo (Hartsfield-Jackson Atlanta International Airport),t
atlanta,2026-04-28 00:00:00,69.0,56.4,,open-meteo (Hartsfield-Jackson Atlanta International Airport),t
atlanta,2026-04-29 00:00:00,80.5,62.3,,open-meteo (Hartsfield-Jackson Atlanta International Airport),t
atlanta,2026-04-30 00:00:00,72.1,58.8,,open-meteo (Hartsfield-Jackson Atlanta International Airport),t
atlanta,2026-05-01 00:00:00,64.8,55.4,,open-meteo (Hartsfield-Jackson Atlanta International Airport),t
atlanta,2026-05-02 00:00:00,69.3,53.4,,open-meteo (Hartsfield-Jackson Atlanta International Airport),t
atlanta,2026-05-03 00:00:00,69.4,45.3,,open-meteo (Hartsfield-Jackson Atlanta International Airport),t
atlanta,2026-05-04 00:00:00,77.2,45.9,,open-meteo (Hartsfield-Jackson Atlanta International Airport),t
atlanta,2026-05-05 00:00:00,80.3,53.9,,open-meteo (Hartsfield-Jackson Atlanta International Airport),t
atlanta,2026-05-06 00:00:00,83.6,63.4,,open-meteo (Hartsfield-Jackson Atlanta International Airport),t
atlanta,2026-05-07 00:00:00,74.4,61.5,,open-meteo (Hartsfield-Jackson Atlanta International Airport),t
atlanta,2026-05-08 00:00:00,70.7,53.4,,open-meteo (Hartsfield-Jackson Atlanta International Airport),t
atlanta,2026-05-09 00:00:00,74.5,58.0,,open-meteo (Hartsfield-Jackson Atlanta International Airport),t
atlanta,2026-05-10 00:00:00,80.4,58.0,,open-meteo (Hartsfield-Jackson Atlanta International Airport),t
atlanta,2026-05-11 00:00:00,79.2,61.3,,open-meteo (Hartsfield-Jackson Atlanta International Airport),t
atlanta,2026-05-12 00:00:00,72.9,59.7,,open-meteo (Hartsfield-Jackson Atlanta International Airport),t
atlanta,2026-05-13 00:00:00,79.4,56.8,,open-meteo (Hartsfield-Jackson Atlanta International Airport),t
atlanta,2026-05-14 00:00:00,74.0,58.3,,open-meteo (Hartsfield-Jackson Atlanta International Airport),t
atlanta,2026-05-15 00:00:00,77.6,51.3,,open-meteo (Hartsfield-Jackson Atlanta International Airport),t
atlanta,2026-05-16 00:00:00,84.5,58.3,,open-meteo (Hartsfield-Jackson Atlanta International Airport),t
atlanta,2026-05-17 00:00:00,88.7,66.9,,open-meteo (Hartsfield-Jackson Atlanta International Airport),t
atlanta,2026-05-18 00:00:00,86.4,64.2,,open-meteo (Hartsfield-Jackson Atlanta International Airport),t
atlanta,2026-05-19 00:00:00,88.8,65.0,,open-meteo (Hartsfield-Jackson Atlanta International Airport),t
atlanta,2026-05-20 00:00:00,86.3,69.1,,open-meteo (Hartsfield-Jackson Atlanta International Airport),t
atlanta,2026-05-21 00:00:00,85.9,66.7,,open-meteo (Hartsfield-Jackson Atlanta International Airport),t
atlanta,2026-05-22 00:00:00,84.2,68.6,,open-meteo (Hartsfield-Jackson Atlanta International Airport),t
atlanta,2026-05-23 00:00:00,79.5,65.9,,open-meteo (Hartsfield-Jackson Atlanta International Airport),t
atlanta,2026-05-24 00:00:00,80.7,66.6,,open-meteo (Hartsfield-Jackson Atlanta International Airport),t
atlanta,2026-05-25 00:00:00,80.4,68.8,,open-meteo (Hartsfield-Jackson Atlanta International Airport),t
atlanta,2026-05-26 00:00:00,82.1,68.4,,open-meteo (Hartsfield-Jackson Atlanta International Airport),t
atlanta,2026-05-27 00:00:00,83.5,68.7,,open-meteo (Hartsfield-Jackson Atlanta International Airport),t
atlanta,2026-05-28 00:00:00,84.2,69.6,,open-meteo (Hartsfield-Jackson Atlanta International Airport),t
atlanta,2026-05-29 00:00:00,80.3,69.3,,open-meteo (Hartsfield-Jackson Atlanta International Airport),t
atlanta,2026-05-30 00:00:00,82.9,68.6,,open-meteo (Hartsfield-Jackson Atlanta International Airport),t
atlanta,2026-05-31 00:00:00,75.7,66.1,,open-meteo (Hartsfield-Jackson Atlanta International Airport),t
atlanta,2026-06-01 00:00:00,81.9,64.1,,open-meteo (Hartsfield-Jackson Atlanta International Airport),t
atlanta,2026-06-02 00:00:00,81.2,64.0,,open-meteo (Hartsfield-Jackson Atlanta International Airport),t
atlanta,2026-06-03 00:00:00,76.4,56.8,,open-meteo (Hartsfield-Jackson Atlanta International Airport),t
atlanta,2026-06-04 00:00:00,79.2,55.9,,open-meteo (Hartsfield-Jackson Atlanta International Airport),t
atlanta,2026-06-05 00:00:00,82.6,59.9,,open-meteo (Hartsfield-Jackson Atlanta International Airport),t
atlanta,2026-06-06 00:00:00,84.8,64.0,,open-meteo (Hartsfield-Jackson Atlanta International Airport),t
atlanta,2026-06-07 00:00:00,81.3,68.2,,open-meteo (Hartsfield-Jackson Atlanta International Airport),t
atlanta,2026-06-08 00:00:00,81.0,70.0,,open-meteo (Hartsfield-Jackson Atlanta International Airport),t
austin,2026-03-30 00:00:00,84.6,65.4,,open-meteo (Austin-Bergstrom International Airport),t
austin,2026-03-31 00:00:00,85.5,65.8,,open-meteo (Austin-Bergstrom International Airport),t
austin,2026-04-01 00:00:00,89.6,68.7,,open-meteo (Austin-Bergstrom International Airport),t
austin,2026-04-02 00:00:00,84.6,68.1,,open-meteo (Austin-Bergstrom International Airport),t
austin,2026-04-03 00:00:00,84.1,70.0,,open-meteo (Austin-Bergstrom International Airport),t
austin,2026-04-04 00:00:00,72.9,60.4,,open-meteo (Austin-Bergstrom International Airport),t
austin,2026-04-05 00:00:00,64.5,55.2,,open-meteo (Austin-Bergstrom International Airport),t
austin,2026-04-06 00:00:00,70.6,50.6,,open-meteo (Austin-Bergstrom International Airport),t
austin,2026-04-07 00:00:00,74.1,49.7,,open-meteo (Austin-Bergstrom International Airport),t
austin,2026-04-08 00:00:00,78.3,53.8,,open-meteo (Austin-Bergstrom International Airport),t
austin,2026-04-09 00:00:00,81.1,63.2,,open-meteo (Austin-Bergstrom International Airport),t
austin,2026-04-10 00:00:00,80.6,63.0,,open-meteo (Austin-Bergstrom International Airport),t
austin,2026-04-11 00:00:00,81.2,66.1,,open-meteo (Austin-Bergstrom International Airport),t
austin,2026-04-12 00:00:00,73.4,67.6,,open-meteo (Austin-Bergstrom International Airport),t
austin,2026-04-13 00:00:00,84.4,68.1,,open-meteo (Austin-Bergstrom International Airport),t
austin,2026-04-14 00:00:00,85.2,69.7,,open-meteo (Austin-Bergstrom International Airport),t
austin,2026-04-15 00:00:00,84.9,69.1,,open-meteo (Austin-Bergstrom International Airport),t
austin,2026-04-16 00:00:00,86.3,68.9,,open-meteo (Austin-Bergstrom International Airport),t
austin,2026-04-17 00:00:00,87.0,69.7,,open-meteo (Austin-Bergstrom International Airport),t
austin,2026-04-18 00:00:00,73.1,51.8,,open-meteo (Austin-Bergstrom International Airport),t
austin,2026-04-19 00:00:00,69.6,50.2,,open-meteo (Austin-Bergstrom International Airport),t
austin,2026-04-20 00:00:00,61.2,55.8,,open-meteo (Austin-Bergstrom International Airport),t
austin,2026-04-21 00:00:00,66.6,57.3,,open-meteo (Austin-Bergstrom International Airport),t
austin,2026-04-22 00:00:00,79.7,63.1,,open-meteo (Austin-Bergstrom International Airport),t
austin,2026-04-23 00:00:00,80.8,68.5,,open-meteo (Austin-Bergstrom International Airport),t
austin,2026-04-24 00:00:00,87.3,71.0,,open-meteo (Austin-Bergstrom International Airport),t
austin,2026-04-25 00:00:00,87.0,72.6,,open-meteo (Austin-Bergstrom International Airport),t
austin,2026-04-26 00:00:00,85.2,72.9,,open-meteo (Austin-Bergstrom International Airport),t
austin,2026-04-27 00:00:00,87.4,74.6,,open-meteo (Austin-Bergstrom International Airport),t
austin,2026-04-28 00:00:00,88.9,75.7,,open-meteo (Austin-Bergstrom International Airport),t
austin,2026-04-29 00:00:00,80.0,65.2,,open-meteo (Austin-Bergstrom International Airport),t
austin,2026-04-30 00:00:00,72.2,62.8,,open-meteo (Austin-Bergstrom International Airport),t
austin,2026-05-01 00:00:00,64.3,54.9,,open-meteo (Austin-Bergstrom International Airport),t
austin,2026-05-02 00:00:00,72.4,51.1,,open-meteo (Austin-Bergstrom International Airport),t
austin,2026-05-03 00:00:00,76.9,51.6,,open-meteo (Austin-Bergstrom International Airport),t
austin,2026-05-04 00:00:00,79.6,59.5,,open-meteo (Austin-Bergstrom International Airport),t
austin,2026-05-05 00:00:00,84.3,68.7,,open-meteo (Austin-Bergstrom International Airport),t
austin,2026-05-06 00:00:00,76.2,63.9,,open-meteo (Austin-Bergstrom International Airport),t
austin,2026-05-07 00:00:00,67.3,59.2,,open-meteo (Austin-Bergstrom International Airport),t
austin,2026-05-08 00:00:00,77.8,60.4,,open-meteo (Austin-Bergstrom International Airport),t
austin,2026-05-09 00:00:00,87.3,68.1,,open-meteo (Austin-Bergstrom International Airport),t
austin,2026-05-10 00:00:00,88.6,67.7,,open-meteo (Austin-Bergstrom International Airport),t
austin,2026-05-11 00:00:00,79.4,64.6,,open-meteo (Austin-Bergstrom International Airport),t
austin,2026-05-12 00:00:00,82.8,61.8,,open-meteo (Austin-Bergstrom International Airport),t
austin,2026-05-13 00:00:00,88.5,63.3,,open-meteo (Austin-Bergstrom International Airport),t
austin,2026-05-14 00:00:00,89.2,65.1,,open-meteo (Austin-Bergstrom International Airport),t
austin,2026-05-15 00:00:00,90.8,69.3,,open-meteo (Austin-Bergstrom International Airport),t
austin,2026-05-16 00:00:00,88.1,71.7,,open-meteo (Austin-Bergstrom International Airport),t
austin,2026-05-17 00:00:00,88.6,74.3,,open-meteo (Austin-Bergstrom International Airport),t
austin,2026-05-18 00:00:00,91.6,73.8,,open-meteo (Austin-Bergstrom International Airport),t
austin,2026-05-19 00:00:00,90.7,72.0,,open-meteo (Austin-Bergstrom International Airport),t
austin,2026-05-20 00:00:00,85.5,66.6,,open-meteo (Austin-Bergstrom International Airport),t
austin,2026-05-21 00:00:00,81.6,68.0,,open-meteo (Austin-Bergstrom International Airport),t
austin,2026-05-22 00:00:00,80.8,65.0,,open-meteo (Austin-Bergstrom International Airport),t
austin,2026-05-23 00:00:00,83.3,66.1,,open-meteo (Austin-Bergstrom International Airport),t
austin,2026-05-24 00:00:00,86.9,66.0,,open-meteo (Austin-Bergstrom International Airport),t
austin,2026-05-25 00:00:00,88.8,68.0,,open-meteo (Austin-Bergstrom International Airport),t
austin,2026-05-26 00:00:00,86.4,66.7,,open-meteo (Austin-Bergstrom International Airport),t
austin,2026-05-27 00:00:00,78.3,64.0,,open-meteo (Austin-Bergstrom International Airport),t
austin,2026-05-28 00:00:00,91.2,64.6,,open-meteo (Austin-Bergstrom International Airport),t
austin,2026-05-29 00:00:00,92.2,72.2,,open-meteo (Austin-Bergstrom International Airport),t
austin,2026-05-30 00:00:00,91.9,71.9,,open-meteo (Austin-Bergstrom International Airport),t
austin,2026-05-31 00:00:00,90.3,72.4,,open-meteo (Austin-Bergstrom International Airport),t
austin,2026-06-01 00:00:00,92.8,72.5,,open-meteo (Austin-Bergstrom International Airport),t
austin,2026-06-02 00:00:00,94.0,74.8,,open-meteo (Austin-Bergstrom International Airport),t
austin,2026-06-03 00:00:00,90.0,69.8,,open-meteo (Austin-Bergstrom International Airport),t
austin,2026-06-04 00:00:00,83.7,70.2,,open-meteo (Austin-Bergstrom International Airport),t
austin,2026-06-05 00:00:00,84.4,72.0,,open-meteo (Austin-Bergstrom International Airport),t
austin,2026-06-06 00:00:00,88.4,70.0,,open-meteo (Austin-Bergstrom International Airport),t
austin,2026-06-07 00:00:00,86.5,74.2,,open-meteo (Austin-Bergstrom International Airport),t
austin,2026-06-08 00:00:00,88.0,78.0,,open-meteo (Austin-Bergstrom International Airport),t
beijing,2026-03-30 00:00:00,17.1,8.7,,open-meteo (Beijing Weather Station),t
beijing,2026-03-31 00:00:00,18.4,7.3,,open-meteo (Beijing Weather Station),t
beijing,2026-04-01 00:00:00,17.6,7.7,,open-meteo (Beijing Weather Station),t
beijing,2026-04-02 00:00:00,18.8,4.8,,open-meteo (Beijing Weather Station),t
beijing,2026-04-03 00:00:00,23.6,10.9,,open-meteo (Beijing Weather Station),t
beijing,2026-04-04 00:00:00,16.5,7.6,,open-meteo (Beijing Weather Station),t
beijing,2026-04-05 00:00:00,18.1,6.2,,open-meteo (Beijing Weather Station),t
beijing,2026-04-06 00:00:00,17.6,5.6,,open-meteo (Beijing Weather Station),t
beijing,2026-04-07 00:00:00,14.1,4.6,,open-meteo (Beijing Weather Station),t
beijing,2026-04-08 00:00:00,19.2,4.4,,open-meteo (Beijing Weather Station),t
beijing,2026-04-09 00:00:00,12.1,9.1,,open-meteo (Beijing Weather Station),t
beijing,2026-04-10 00:00:00,26.1,7.2,,open-meteo (Beijing Weather Station),t
beijing,2026-04-11 00:00:00,22.1,8.5,,open-meteo (Beijing Weather Station),t
beijing,2026-04-12 00:00:00,26.7,8.6,,open-meteo (Beijing Weather Station),t
beijing,2026-04-13 00:00:00,18.1,13.2,,open-meteo (Beijing Weather Station),t
beijing,2026-04-14 00:00:00,18.0,10.1,,open-meteo (Beijing Weather Station),t
beijing,2026-04-15 00:00:00,22.5,8.0,,open-meteo (Beijing Weather Station),t
beijing,2026-04-16 00:00:00,18.9,12.6,,open-meteo (Beijing Weather Station),t
beijing,2026-04-17 00:00:00,20.5,13.4,,open-meteo (Beijing Weather Station),t
beijing,2026-04-18 00:00:00,24.2,12.6,,open-meteo (Beijing Weather Station),t
beijing,2026-04-19 00:00:00,21.5,11.4,,open-meteo (Beijing Weather Station),t
beijing,2026-04-20 00:00:00,22.9,7.8,,open-meteo (Beijing Weather Station),t
beijing,2026-04-21 00:00:00,25.1,7.1,,open-meteo (Beijing Weather Station),t
beijing,2026-04-22 00:00:00,22.7,10.6,,open-meteo (Beijing Weather Station),t
beijing,2026-04-23 00:00:00,23.3,10.9,,open-meteo (Beijing Weather Station),t
beijing,2026-04-24 00:00:00,24.5,12.8,,open-meteo (Beijing Weather Station),t
beijing,2026-04-25 00:00:00,26.6,14.0,,open-meteo (Beijing Weather Station),t
beijing,2026-04-26 00:00:00,25.1,15.1,,open-meteo (Beijing Weather Station),t
beijing,2026-04-27 00:00:00,21.4,10.5,,open-meteo (Beijing Weather Station),t
beijing,2026-04-28 00:00:00,19.9,9.6,,open-meteo (Beijing Weather Station),t
beijing,2026-04-29 00:00:00,24.1,7.8,,open-meteo (Beijing Weather Station),t
beijing,2026-04-30 00:00:00,26.9,9.5,,open-meteo (Beijing Weather Station),t
beijing,2026-05-01 00:00:00,26.9,13.9,,open-meteo (Beijing Weather Station),t
beijing,2026-05-02 00:00:00,22.1,11.4,,open-meteo (Beijing Weather Station),t
beijing,2026-05-03 00:00:00,20.0,7.7,,open-meteo (Beijing Weather Station),t
beijing,2026-05-04 00:00:00,24.2,7.2,,open-meteo (Beijing Weather Station),t
beijing,2026-05-05 00:00:00,27.9,12.9,,open-meteo (Beijing Weather Station),t
beijing,2026-05-06 00:00:00,26.4,18.4,,open-meteo (Beijing Weather Station),t
beijing,2026-05-07 00:00:00,23.0,13.5,,open-meteo (Beijing Weather Station),t
beijing,2026-05-08 00:00:00,26.4,9.6,,open-meteo (Beijing Weather Station),t
beijing,2026-05-09 00:00:00,23.1,14.1,,open-meteo (Beijing Weather Station),t
beijing,2026-05-10 00:00:00,32.5,12.8,,open-meteo (Beijing Weather Station),t
beijing,2026-05-11 00:00:00,31.0,18.0,,open-meteo (Beijing Weather Station),t
beijing,2026-05-12 00:00:00,31.4,18.0,,open-meteo (Beijing Weather Station),t
beijing,2026-05-13 00:00:00,34.5,21.0,,open-meteo (Beijing Weather Station),t
beijing,2026-05-14 00:00:00,33.0,22.7,,open-meteo (Beijing Weather Station),t
beijing,2026-05-15 00:00:00,30.1,19.8,,open-meteo (Beijing Weather Station),t
beijing,2026-05-16 00:00:00,23.4,18.0,,open-meteo (Beijing Weather Station),t
beijing,2026-05-17 00:00:00,19.7,17.0,,open-meteo (Beijing Weather Station),t
beijing,2026-05-18 00:00:00,26.6,16.5,,open-meteo (Beijing Weather Station),t
beijing,2026-05-19 00:00:00,24.8,16.5,,open-meteo (Beijing Weather Station),t
beijing,2026-05-20 00:00:00,22.5,17.5,,open-meteo (Beijing Weather Station),t
beijing,2026-05-21 00:00:00,24.4,16.1,,open-meteo (Beijing Weather Station),t
beijing,2026-05-22 00:00:00,19.5,17.1,,open-meteo (Beijing Weather Station),t
beijing,2026-05-23 00:00:00,24.8,16.1,,open-meteo (Beijing Weather Station),t
beijing,2026-05-24 00:00:00,27.8,18.2,,open-meteo (Beijing Weather Station),t
beijing,2026-05-25 00:00:00,21.4,18.2,,open-meteo (Beijing Weather Station),t
beijing,2026-05-26 00:00:00,24.3,15.8,,open-meteo (Beijing Weather Station),t
beijing,2026-05-27 00:00:00,26.6,17.0,,open-meteo (Beijing Weather Station),t
beijing,2026-05-28 00:00:00,28.0,19.4,,open-meteo (Beijing Weather Station),t
beijing,2026-05-29 00:00:00,32.0,14.9,,open-meteo (Beijing Weather Station),t
beijing,2026-05-30 00:00:00,35.3,16.3,,open-meteo (Beijing Weather Station),t
beijing,2026-05-31 00:00:00,34.2,22.3,,open-meteo (Beijing Weather Station),t
beijing,2026-06-01 00:00:00,36.0,19.8,,open-meteo (Beijing Weather Station),t
beijing,2026-06-02 00:00:00,35.2,21.0,,open-meteo (Beijing Weather Station),t
beijing,2026-06-03 00:00:00,28.7,19.6,,open-meteo (Beijing Weather Station),t
beijing,2026-06-04 00:00:00,23.9,17.1,,open-meteo (Beijing Weather Station),t
beijing,2026-06-05 00:00:00,26.6,14.6,,open-meteo (Beijing Weather Station),t
beijing,2026-06-06 00:00:00,22.5,13.4,,open-meteo (Beijing Weather Station),t
beijing,2026-06-07 00:00:00,24.7,11.3,,open-meteo (Beijing Weather Station),t
beijing,2026-06-08 00:00:00,29.0,12.0,,open-meteo (Beijing Weather Station),t
buenos_aires,2026-03-30 00:00:00,26.6,21.8,,open-meteo (Buenos Aires Observatorio Central),t
buenos_aires,2026-03-31 00:00:00,29.5,22.9,,open-meteo (Buenos Aires Observatorio Central),t
buenos_aires,2026-04-01 00:00:00,25.5,23.0,,open-meteo (Buenos Aires Observatorio Central),t
buenos_aires,2026-04-02 00:00:00,26.6,22.6,,open-meteo (Buenos Aires Observatorio Central),t
buenos_aires,2026-04-03 00:00:00,29.8,21.4,,open-meteo (Buenos Aires Observatorio Central),t
buenos_aires,2026-04-04 00:00:00,20.4,14.1,,open-meteo (Buenos Aires Observatorio Central),t
buenos_aires,2026-04-05 00:00:00,18.5,11.1,,open-meteo (Buenos Aires Observatorio Central),t
buenos_aires,2026-04-06 00:00:00,19.2,15.4,,open-meteo (Buenos Aires Observatorio Central),t
buenos_aires,2026-04-07 00:00:00,20.0,17.4,,open-meteo (Buenos Aires Observatorio Central),t
buenos_aires,2026-04-08 00:00:00,20.7,15.9,,open-meteo (Buenos Aires Observatorio Central),t
buenos_aires,2026-04-09 00:00:00,20.3,12.4,,open-meteo (Buenos Aires Observatorio Central),t
buenos_aires,2026-04-10 00:00:00,21.7,9.9,,open-meteo (Buenos Aires Observatorio Central),t
buenos_aires,2026-04-11 00:00:00,21.8,15.9,,open-meteo (Buenos Aires Observatorio Central),t
buenos_aires,2026-04-12 00:00:00,24.3,15.3,,open-meteo (Buenos Aires Observatorio Central),t
buenos_aires,2026-04-13 00:00:00,22.0,15.1,,open-meteo (Buenos Aires Observatorio Central),t
buenos_aires,2026-04-14 00:00:00,23.4,19.1,,open-meteo (Buenos Aires Observatorio Central),t
buenos_aires,2026-04-15 00:00:00,21.8,20.4,,open-meteo (Buenos Aires Observatorio Central),t
buenos_aires,2026-04-16 00:00:00,23.4,18.5,,open-meteo (Buenos Aires Observatorio Central),t
buenos_aires,2026-04-17 00:00:00,24.8,17.4,,open-meteo (Buenos Aires Observatorio Central),t
buenos_aires,2026-04-18 00:00:00,26.8,16.2,,open-meteo (Buenos Aires Observatorio Central),t
buenos_aires,2026-04-19 00:00:00,25.4,16.7,,open-meteo (Buenos Aires Observatorio Central),t
buenos_aires,2026-04-20 00:00:00,22.0,19.8,,open-meteo (Buenos Aires Observatorio Central),t
buenos_aires,2026-04-21 00:00:00,21.2,16.4,,open-meteo (Buenos Aires Observatorio Central),t
buenos_aires,2026-04-22 00:00:00,20.1,11.4,,open-meteo (Buenos Aires Observatorio Central),t
buenos_aires,2026-04-23 00:00:00,21.7,11.2,,open-meteo (Buenos Aires Observatorio Central),t
buenos_aires,2026-04-24 00:00:00,21.0,11.5,,open-meteo (Buenos Aires Observatorio Central),t
buenos_aires,2026-04-25 00:00:00,23.8,12.9,,open-meteo (Buenos Aires Observatorio Central),t
buenos_aires,2026-04-26 00:00:00,16.5,10.1,,open-meteo (Buenos Aires Observatorio Central),t
buenos_aires,2026-04-27 00:00:00,15.8,7.5,,open-meteo (Buenos Aires Observatorio Central),t
buenos_aires,2026-04-28 00:00:00,19.5,7.4,,open-meteo (Buenos Aires Observatorio Central),t
buenos_aires,2026-04-29 00:00:00,22.3,12.4,,open-meteo (Buenos Aires Observatorio Central),t
buenos_aires,2026-04-30 00:00:00,22.0,10.4,,open-meteo (Buenos Aires Observatorio Central),t
buenos_aires,2026-05-01 00:00:00,23.2,15.9,,open-meteo (Buenos Aires Observatorio Central),t
buenos_aires,2026-05-02 00:00:00,17.0,9.0,,open-meteo (Buenos Aires Observatorio Central),t
buenos_aires,2026-05-03 00:00:00,16.9,4.2,,open-meteo (Buenos Aires Observatorio Central),t
buenos_aires,2026-05-04 00:00:00,20.8,10.2,,open-meteo (Buenos Aires Observatorio Central),t
buenos_aires,2026-05-05 00:00:00,21.9,13.6,,open-meteo (Buenos Aires Observatorio Central),t
buenos_aires,2026-05-06 00:00:00,24.5,18.8,,open-meteo (Buenos Aires Observatorio Central),t
buenos_aires,2026-05-07 00:00:00,19.9,11.6,,open-meteo (Buenos Aires Observatorio Central),t
buenos_aires,2026-05-08 00:00:00,12.9,8.0,,open-meteo (Buenos Aires Observatorio Central),t
buenos_aires,2026-05-09 00:00:00,12.0,6.4,,open-meteo (Buenos Aires Observatorio Central),t
buenos_aires,2026-05-10 00:00:00,14.9,4.8,,open-meteo (Buenos Aires Observatorio Central),t
buenos_aires,2026-05-11 00:00:00,16.5,4.4,,open-meteo (Buenos Aires Observatorio Central),t
buenos_aires,2026-05-12 00:00:00,19.4,9.3,,open-meteo (Buenos Aires Observatorio Central),t
buenos_aires,2026-05-13 00:00:00,15.1,7.6,,open-meteo (Buenos Aires Observatorio Central),t
buenos_aires,2026-05-14 00:00:00,16.4,8.4,,open-meteo (Buenos Aires Observatorio Central),t
buenos_aires,2026-05-15 00:00:00,16.1,6.9,,open-meteo (Buenos Aires Observatorio Central),t
buenos_aires,2026-05-16 00:00:00,13.8,9.2,,open-meteo (Buenos Aires Observatorio Central),t
buenos_aires,2026-05-17 00:00:00,13.3,8.0,,open-meteo (Buenos Aires Observatorio Central),t
buenos_aires,2026-05-18 00:00:00,15.6,4.4,,open-meteo (Buenos Aires Observatorio Central),t
buenos_aires,2026-05-19 00:00:00,16.3,5.6,,open-meteo (Buenos Aires Observatorio Central),t
buenos_aires,2026-05-20 00:00:00,14.2,7.1,,open-meteo (Buenos Aires Observatorio Central),t
buenos_aires,2026-05-21 00:00:00,12.1,6.1,,open-meteo (Buenos Aires Observatorio Central),t
buenos_aires,2026-05-22 00:00:00,11.8,5.2,,open-meteo (Buenos Aires Observatorio Central),t
buenos_aires,2026-05-23 00:00:00,13.4,8.4,,open-meteo (Buenos Aires Observatorio Central),t
buenos_aires,2026-05-24 00:00:00,14.6,9.5,,open-meteo (Buenos Aires Observatorio Central),t
buenos_aires,2026-05-25 00:00:00,15.6,10.9,,open-meteo (Buenos Aires Observatorio Central),t
buenos_aires,2026-05-26 00:00:00,13.8,7.4,,open-meteo (Buenos Aires Observatorio Central),t
buenos_aires,2026-05-27 00:00:00,13.8,10.2,,open-meteo (Buenos Aires Observatorio Central),t
buenos_aires,2026-05-28 00:00:00,14.0,12.0,,open-meteo (Buenos Aires Observatorio Central),t
buenos_aires,2026-05-29 00:00:00,13.6,12.4,,open-meteo (Buenos Aires Observatorio Central),t
buenos_aires,2026-05-30 00:00:00,14.8,7.6,,open-meteo (Buenos Aires Observatorio Central),t
buenos_aires,2026-05-31 00:00:00,15.8,4.7,,open-meteo (Buenos Aires Observatorio Central),t
buenos_aires,2026-06-01 00:00:00,13.6,10.6,,open-meteo (Buenos Aires Observatorio Central),t
buenos_aires,2026-06-02 00:00:00,14.6,10.6,,open-meteo (Buenos Aires Observatorio Central),t
buenos_aires,2026-06-03 00:00:00,16.2,12.9,,open-meteo (Buenos Aires Observatorio Central),t
buenos_aires,2026-06-04 00:00:00,15.4,13.4,,open-meteo (Buenos Aires Observatorio Central),t
buenos_aires,2026-06-05 00:00:00,17.2,13.8,,open-meteo (Buenos Aires Observatorio Central),t
buenos_aires,2026-06-06 00:00:00,17.2,13.5,,open-meteo (Buenos Aires Observatorio Central),t
buenos_aires,2026-06-07 00:00:00,15.1,13.6,,open-meteo (Buenos Aires Observatorio Central),t
buenos_aires,2026-06-08 00:00:00,13.0,10.0,,open-meteo (Buenos Aires Observatorio Central),t
chicago,2026-03-30 00:00:00,79.2,48.0,,open-meteo (O'Hare International Airport),t
chicago,2026-03-31 00:00:00,68.4,38.8,,open-meteo (O'Hare International Airport),t
chicago,2026-04-01 00:00:00,40.6,35.7,,open-meteo (O'Hare International Airport),t
chicago,2026-04-02 00:00:00,67.6,37.8,,open-meteo (O'Hare International Airport),t
chicago,2026-04-03 00:00:00,60.9,38.8,,open-meteo (O'Hare International Airport),t
chicago,2026-04-04 00:00:00,55.4,39.8,,open-meteo (O'Hare International Airport),t
chicago,2026-04-05 00:00:00,51.0,37.0,,open-meteo (O'Hare International Airport),t
chicago,2026-04-06 00:00:00,49.4,34.2,,open-meteo (O'Hare International Airport),t
chicago,2026-04-07 00:00:00,37.6,27.7,,open-meteo (O'Hare International Airport),t
chicago,2026-04-08 00:00:00,67.1,31.9,,open-meteo (O'Hare International Airport),t
chicago,2026-04-09 00:00:00,69.3,50.7,,open-meteo (O'Hare International Airport),t
chicago,2026-04-10 00:00:00,53.7,38.8,,open-meteo (O'Hare International Airport),t
chicago,2026-04-11 00:00:00,53.5,34.7,,open-meteo (O'Hare International Airport),t
chicago,2026-04-12 00:00:00,77.7,52.1,,open-meteo (O'Hare International Airport),t
chicago,2026-04-13 00:00:00,74.3,60.6,,open-meteo (O'Hare International Airport),t
chicago,2026-04-14 00:00:00,78.3,58.0,,open-meteo (O'Hare International Airport),t
chicago,2026-04-15 00:00:00,70.4,60.8,,open-meteo (O'Hare International Airport),t
chicago,2026-04-16 00:00:00,72.0,50.5,,open-meteo (O'Hare International Airport),t
chicago,2026-04-17 00:00:00,79.2,49.2,,open-meteo (O'Hare International Airport),t
chicago,2026-04-18 00:00:00,64.0,40.7,,open-meteo (O'Hare International Airport),t
chicago,2026-04-19 00:00:00,50.6,34.9,,open-meteo (O'Hare International Airport),t
chicago,2026-04-20 00:00:00,54.0,33.3,,open-meteo (O'Hare International Airport),t
chicago,2026-04-21 00:00:00,71.9,46.0,,open-meteo (O'Hare International Airport),t
chicago,2026-04-22 00:00:00,69.1,49.0,,open-meteo (O'Hare International Airport),t
chicago,2026-04-23 00:00:00,79.1,48.0,,open-meteo (O'Hare International Airport),t
chicago,2026-04-24 00:00:00,67.9,54.0,,open-meteo (O'Hare International Airport),t
chicago,2026-04-25 00:00:00,55.7,43.4,,open-meteo (O'Hare International Airport),t
chicago,2026-04-26 00:00:00,58.4,42.6,,open-meteo (O'Hare International Airport),t
chicago,2026-04-27 00:00:00,66.9,51.6,,open-meteo (O'Hare International Airport),t
chicago,2026-04-28 00:00:00,62.9,50.8,,open-meteo (O'Hare International Airport),t
chicago,2026-04-29 00:00:00,55.3,41.3,,open-meteo (O'Hare International Airport),t
chicago,2026-04-30 00:00:00,52.5,37.4,,open-meteo (O'Hare International Airport),t
chicago,2026-05-01 00:00:00,49.1,37.2,,open-meteo (O'Hare International Airport),t
chicago,2026-05-02 00:00:00,52.8,31.6,,open-meteo (O'Hare International Airport),t
chicago,2026-05-03 00:00:00,64.7,42.6,,open-meteo (O'Hare International Airport),t
chicago,2026-05-04 00:00:00,76.4,47.7,,open-meteo (O'Hare International Airport),t
chicago,2026-05-05 00:00:00,57.8,47.3,,open-meteo (O'Hare International Airport),t
chicago,2026-05-06 00:00:00,56.1,38.9,,open-meteo (O'Hare International Airport),t
chicago,2026-05-07 00:00:00,59.6,34.5,,open-meteo (O'Hare International Airport),t
chicago,2026-05-08 00:00:00,67.4,40.9,,open-meteo (O'Hare International Airport),t
chicago,2026-05-09 00:00:00,73.8,52.4,,open-meteo (O'Hare International Airport),t
chicago,2026-05-10 00:00:00,64.7,42.5,,open-meteo (O'Hare International Airport),t
chicago,2026-05-11 00:00:00,55.6,42.7,,open-meteo (O'Hare International Airport),t
chicago,2026-05-12 00:00:00,73.5,41.7,,open-meteo (O'Hare International Airport),t
chicago,2026-05-13 00:00:00,64.6,47.0,,open-meteo (O'Hare International Airport),t
chicago,2026-05-14 00:00:00,67.2,40.6,,open-meteo (O'Hare International Airport),t
chicago,2026-05-15 00:00:00,74.8,53.8,,open-meteo (O'Hare International Airport),t
chicago,2026-05-16 00:00:00,83.2,61.6,,open-meteo (O'Hare International Airport),t
chicago,2026-05-17 00:00:00,86.5,65.8,,open-meteo (O'Hare International Airport),t
chicago,2026-05-18 00:00:00,81.0,66.6,,open-meteo (O'Hare International Airport),t
chicago,2026-05-19 00:00:00,80.2,60.3,,open-meteo (O'Hare International Airport),t
chicago,2026-05-20 00:00:00,59.1,48.2,,open-meteo (O'Hare International Airport),t
chicago,2026-05-21 00:00:00,58.3,47.2,,open-meteo (O'Hare International Airport),t
chicago,2026-05-22 00:00:00,66.4,51.1,,open-meteo (O'Hare International Airport),t
chicago,2026-05-23 00:00:00,72.7,54.7,,open-meteo (O'Hare International Airport),t
chicago,2026-05-24 00:00:00,76.2,57.8,,open-meteo (O'Hare International Airport),t
chicago,2026-05-25 00:00:00,87.3,57.4,,open-meteo (O'Hare International Airport),t
chicago,2026-05-26 00:00:00,87.6,64.0,,open-meteo (O'Hare International Airport),t
chicago,2026-05-27 00:00:00,84.4,61.7,,open-meteo (O'Hare International Airport),t
chicago,2026-05-28 00:00:00,72.1,56.0,,open-meteo (O'Hare International Airport),t
chicago,2026-05-29 00:00:00,86.4,51.0,,open-meteo (O'Hare International Airport),t
chicago,2026-05-30 00:00:00,73.0,58.0,,open-meteo (O'Hare International Airport),t
chicago,2026-05-31 00:00:00,75.6,55.9,,open-meteo (O'Hare International Airport),t
chicago,2026-06-01 00:00:00,74.1,57.1,,open-meteo (O'Hare International Airport),t
chicago,2026-06-02 00:00:00,75.7,55.1,,open-meteo (O'Hare International Airport),t
chicago,2026-06-03 00:00:00,84.6,54.1,,open-meteo (O'Hare International Airport),t
chicago,2026-06-04 00:00:00,87.6,62.6,,open-meteo (O'Hare International Airport),t
chicago,2026-06-05 00:00:00,77.8,67.8,,open-meteo (O'Hare International Airport),t
chicago,2026-06-06 00:00:00,83.0,65.3,,open-meteo (O'Hare International Airport),t
chicago,2026-06-07 00:00:00,82.8,65.2,,open-meteo (O'Hare International Airport),t
chicago,2026-06-08 00:00:00,84.0,65.0,,open-meteo (O'Hare International Airport),t
chongqing,2026-03-30 00:00:00,20.7,13.7,,open-meteo (Chongqing Shapingba Observatory),t
chongqing,2026-03-31 00:00:00,19.5,13.9,,open-meteo (Chongqing Shapingba Observatory),t
chongqing,2026-04-01 00:00:00,21.0,11.9,,open-meteo (Chongqing Shapingba Observatory),t
chongqing,2026-04-02 00:00:00,19.5,15.4,,open-meteo (Chongqing Shapingba Observatory),t
chongqing,2026-04-03 00:00:00,23.0,14.9,,open-meteo (Chongqing Shapingba Observatory),t
chongqing,2026-04-04 00:00:00,27.2,14.1,,open-meteo (Chongqing Shapingba Observatory),t
chongqing,2026-04-05 00:00:00,24.5,18.1,,open-meteo (Chongqing Shapingba Observatory),t
chongqing,2026-04-06 00:00:00,21.1,17.6,,open-meteo (Chongqing Shapingba Observatory),t
chongqing,2026-04-07 00:00:00,21.2,17.6,,open-meteo (Chongqing Shapingba Observatory),t
chongqing,2026-04-08 00:00:00,25.9,17.8,,open-meteo (Chongqing Shapingba Observatory),t
chongqing,2026-04-09 00:00:00,26.5,18.6,,open-meteo (Chongqing Shapingba Observatory),t
chongqing,2026-04-10 00:00:00,26.5,18.1,,open-meteo (Chongqing Shapingba Observatory),t
chongqing,2026-04-11 00:00:00,20.3,16.8,,open-meteo (Chongqing Shapingba Observatory),t
chongqing,2026-04-12 00:00:00,23.5,16.1,,open-meteo (Chongqing Shapingba Observatory),t
chongqing,2026-04-13 00:00:00,23.0,17.4,,open-meteo (Chongqing Shapingba Observatory),t
chongqing,2026-04-14 00:00:00,21.2,17.0,,open-meteo (Chongqing Shapingba Observatory),t
chongqing,2026-04-15 00:00:00,23.0,16.8,,open-meteo (Chongqing Shapingba Observatory),t
chongqing,2026-04-16 00:00:00,24.8,18.2,,open-meteo (Chongqing Shapingba Observatory),t
chongqing,2026-04-17 00:00:00,24.7,16.0,,open-meteo (Chongqing Shapingba Observatory),t
chongqing,2026-04-18 00:00:00,28.7,17.1,,open-meteo (Chongqing Shapingba Observatory),t
chongqing,2026-04-19 00:00:00,30.0,19.6,,open-meteo (Chongqing Shapingba Observatory),t
chongqing,2026-04-20 00:00:00,20.4,16.1,,open-meteo (Chongqing Shapingba Observatory),t
chongqing,2026-04-21 00:00:00,18.0,16.2,,open-meteo (Chongqing Shapingba Observatory),t
chongqing,2026-04-22 00:00:00,22.0,15.1,,open-meteo (Chongqing Shapingba Observatory),t
chongqing,2026-04-23 00:00:00,23.9,14.6,,open-meteo (Chongqing Shapingba Observatory),t
chongqing,2026-04-24 00:00:00,25.8,16.5,,open-meteo (Chongqing Shapingba Observatory),t
chongqing,2026-04-25 00:00:00,28.4,17.5,,open-meteo (Chongqing Shapingba Observatory),t
chongqing,2026-04-26 00:00:00,25.6,19.1,,open-meteo (Chongqing Shapingba Observatory),t
chongqing,2026-04-27 00:00:00,22.5,19.0,,open-meteo (Chongqing Shapingba Observatory),t
chongqing,2026-04-28 00:00:00,19.3,14.6,,open-meteo (Chongqing Shapingba Observatory),t
chongqing,2026-04-29 00:00:00,19.6,14.4,,open-meteo (Chongqing Shapingba Observatory),t
chongqing,2026-04-30 00:00:00,26.0,14.6,,open-meteo (Chongqing Shapingba Observatory),t
chongqing,2026-05-01 00:00:00,25.1,17.3,,open-meteo (Chongqing Shapingba Observatory),t
chongqing,2026-05-02 00:00:00,23.0,16.1,,open-meteo (Chongqing Shapingba Observatory),t
chongqing,2026-05-03 00:00:00,22.5,16.9,,open-meteo (Chongqing Shapingba Observatory),t
chongqing,2026-05-04 00:00:00,25.5,15.5,,open-meteo (Chongqing Shapingba Observatory),t
chongqing,2026-05-05 00:00:00,29.8,15.8,,open-meteo (Chongqing Shapingba Observatory),t
chongqing,2026-05-06 00:00:00,30.3,20.4,,open-meteo (Chongqing Shapingba Observatory),t
chongqing,2026-05-07 00:00:00,23.5,18.8,,open-meteo (Chongqing Shapingba Observatory),t
chongqing,2026-05-08 00:00:00,18.4,17.0,,open-meteo (Chongqing Shapingba Observatory),t
chongqing,2026-05-09 00:00:00,23.9,16.9,,open-meteo (Chongqing Shapingba Observatory),t
chongqing,2026-05-10 00:00:00,25.5,16.8,,open-meteo (Chongqing Shapingba Observatory),t
chongqing,2026-05-11 00:00:00,28.1,17.9,,open-meteo (Chongqing Shapingba Observatory),t
chongqing,2026-05-12 00:00:00,25.4,20.0,,open-meteo (Chongqing Shapingba Observatory),t
chongqing,2026-05-13 00:00:00,27.2,17.5,,open-meteo (Chongqing Shapingba Observatory),t
chongqing,2026-05-14 00:00:00,28.3,21.2,,open-meteo (Chongqing Shapingba Observatory),t
chongqing,2026-05-15 00:00:00,24.5,20.2,,open-meteo (Chongqing Shapingba Observatory),t
chongqing,2026-05-16 00:00:00,25.0,20.5,,open-meteo (Chongqing Shapingba Observatory),t
chongqing,2026-05-17 00:00:00,26.6,20.9,,open-meteo (Chongqing Shapingba Observatory),t
chongqing,2026-05-18 00:00:00,25.6,21.3,,open-meteo (Chongqing Shapingba Observatory),t
chongqing,2026-05-19 00:00:00,27.4,20.0,,open-meteo (Chongqing Shapingba Observatory),t
chongqing,2026-05-20 00:00:00,29.9,19.6,,open-meteo (Chongqing Shapingba Observatory),t
chongqing,2026-05-21 00:00:00,32.7,23.6,,open-meteo (Chongqing Shapingba Observatory),t
chongqing,2026-05-22 00:00:00,31.2,23.1,,open-meteo (Chongqing Shapingba Observatory),t
chongqing,2026-05-23 00:00:00,31.5,24.1,,open-meteo (Chongqing Shapingba Observatory),t
chongqing,2026-05-24 00:00:00,32.1,23.6,,open-meteo (Chongqing Shapingba Observatory),t
chongqing,2026-05-25 00:00:00,30.4,24.6,,open-meteo (Chongqing Shapingba Observatory),t
chongqing,2026-05-26 00:00:00,30.5,25.1,,open-meteo (Chongqing Shapingba Observatory),t
chongqing,2026-05-27 00:00:00,30.5,24.6,,open-meteo (Chongqing Shapingba Observatory),t
chongqing,2026-05-28 00:00:00,25.0,21.5,,open-meteo (Chongqing Shapingba Observatory),t
chongqing,2026-05-29 00:00:00,24.7,19.7,,open-meteo (Chongqing Shapingba Observatory),t
chongqing,2026-05-30 00:00:00,27.5,18.4,,open-meteo (Chongqing Shapingba Observatory),t
chongqing,2026-05-31 00:00:00,30.0,19.9,,open-meteo (Chongqing Shapingba Observatory),t
chongqing,2026-06-01 00:00:00,26.4,20.8,,open-meteo (Chongqing Shapingba Observatory),t
chongqing,2026-06-02 00:00:00,27.8,19.8,,open-meteo (Chongqing Shapingba Observatory),t
chongqing,2026-06-03 00:00:00,29.0,22.0,,open-meteo (Chongqing Shapingba Observatory),t
chongqing,2026-06-04 00:00:00,30.8,22.6,,open-meteo (Chongqing Shapingba Observatory),t
chongqing,2026-06-05 00:00:00,31.5,23.4,,open-meteo (Chongqing Shapingba Observatory),t
chongqing,2026-06-06 00:00:00,33.2,23.5,,open-meteo (Chongqing Shapingba Observatory),t
chongqing,2026-06-07 00:00:00,26.8,18.5,,open-meteo (Chongqing Shapingba Observatory),t
chongqing,2026-06-08 00:00:00,19.0,17.0,,open-meteo (Chongqing Shapingba Observatory),t
dallas,2026-03-30 00:00:00,84.0,64.2,,open-meteo (Dallas/Fort Worth International Airport),t
dallas,2026-03-31 00:00:00,86.3,65.6,,open-meteo (Dallas/Fort Worth International Airport),t
dallas,2026-04-01 00:00:00,86.8,67.2,,open-meteo (Dallas/Fort Worth International Airport),t
dallas,2026-04-02 00:00:00,81.5,65.9,,open-meteo (Dallas/Fort Worth International Airport),t
dallas,2026-04-03 00:00:00,81.0,68.1,,open-meteo (Dallas/Fort Worth International Airport),t
dallas,2026-04-04 00:00:00,71.2,55.7,,open-meteo (Dallas/Fort Worth International Airport),t
dallas,2026-04-05 00:00:00,66.7,50.4,,open-meteo (Dallas/Fort Worth International Airport),t
dallas,2026-04-06 00:00:00,69.3,48.4,,open-meteo (Dallas/Fort Worth International Airport),t
dallas,2026-04-07 00:00:00,70.0,50.0,,open-meteo (Dallas/Fort Worth International Airport),t
dallas,2026-04-08 00:00:00,76.3,56.4,,open-meteo (Dallas/Fort Worth International Airport),t
dallas,2026-04-09 00:00:00,78.8,61.2,,open-meteo (Dallas/Fort Worth International Airport),t
dallas,2026-04-10 00:00:00,80.0,64.5,,open-meteo (Dallas/Fort Worth International Airport),t
dallas,2026-04-11 00:00:00,79.3,65.0,,open-meteo (Dallas/Fort Worth International Airport),t
dallas,2026-04-12 00:00:00,73.8,66.8,,open-meteo (Dallas/Fort Worth International Airport),t
dallas,2026-04-13 00:00:00,83.5,68.7,,open-meteo (Dallas/Fort Worth International Airport),t
dallas,2026-04-14 00:00:00,79.2,70.2,,open-meteo (Dallas/Fort Worth International Airport),t
dallas,2026-04-15 00:00:00,77.2,67.5,,open-meteo (Dallas/Fort Worth International Airport),t
dallas,2026-04-16 00:00:00,82.3,67.6,,open-meteo (Dallas/Fort Worth International Airport),t
dallas,2026-04-17 00:00:00,81.0,68.4,,open-meteo (Dallas/Fort Worth International Airport),t
dallas,2026-04-18 00:00:00,74.5,51.7,,open-meteo (Dallas/Fort Worth International Airport),t
dallas,2026-04-19 00:00:00,69.1,44.9,,open-meteo (Dallas/Fort Worth International Airport),t
dallas,2026-04-20 00:00:00,70.1,50.3,,open-meteo (Dallas/Fort Worth International Airport),t
dallas,2026-04-21 00:00:00,65.4,56.6,,open-meteo (Dallas/Fort Worth International Airport),t
dallas,2026-04-22 00:00:00,75.7,59.9,,open-meteo (Dallas/Fort Worth International Airport),t
dallas,2026-04-23 00:00:00,79.3,67.7,,open-meteo (Dallas/Fort Worth International Airport),t
dallas,2026-04-24 00:00:00,87.5,70.6,,open-meteo (Dallas/Fort Worth International Airport),t
dallas,2026-04-25 00:00:00,85.9,67.2,,open-meteo (Dallas/Fort Worth International Airport),t
dallas,2026-04-26 00:00:00,83.7,70.3,,open-meteo (Dallas/Fort Worth International Airport),t
dallas,2026-04-27 00:00:00,91.4,73.1,,open-meteo (Dallas/Fort Worth International Airport),t
dallas,2026-04-28 00:00:00,85.6,71.4,,open-meteo (Dallas/Fort Worth International Airport),t
dallas,2026-04-29 00:00:00,72.9,59.9,,open-meteo (Dallas/Fort Worth International Airport),t
dallas,2026-04-30 00:00:00,64.3,58.4,,open-meteo (Dallas/Fort Worth International Airport),t
dallas,2026-05-01 00:00:00,65.1,56.3,,open-meteo (Dallas/Fort Worth International Airport),t
dallas,2026-05-02 00:00:00,73.5,51.3,,open-meteo (Dallas/Fort Worth International Airport),t
dallas,2026-05-03 00:00:00,79.9,55.5,,open-meteo (Dallas/Fort Worth International Airport),t
dallas,2026-05-04 00:00:00,82.0,60.7,,open-meteo (Dallas/Fort Worth International Airport),t
dallas,2026-05-05 00:00:00,89.7,65.4,,open-meteo (Dallas/Fort Worth International Airport),t
dallas,2026-05-06 00:00:00,64.8,54.6,,open-meteo (Dallas/Fort Worth International Airport),t
dallas,2026-05-07 00:00:00,71.9,53.2,,open-meteo (Dallas/Fort Worth International Airport),t
dallas,2026-05-08 00:00:00,72.9,57.7,,open-meteo (Dallas/Fort Worth International Airport),t
dallas,2026-05-09 00:00:00,84.7,64.4,,open-meteo (Dallas/Fort Worth International Airport),t
dallas,2026-05-10 00:00:00,78.0,64.3,,open-meteo (Dallas/Fort Worth International Airport),t
dallas,2026-05-11 00:00:00,76.4,59.4,,open-meteo (Dallas/Fort Worth International Airport),t
dallas,2026-05-12 00:00:00,84.4,58.7,,open-meteo (Dallas/Fort Worth International Airport),t
dallas,2026-05-13 00:00:00,92.0,64.2,,open-meteo (Dallas/Fort Worth International Airport),t
dallas,2026-05-14 00:00:00,92.5,69.3,,open-meteo (Dallas/Fort Worth International Airport),t
dallas,2026-05-15 00:00:00,89.5,70.9,,open-meteo (Dallas/Fort Worth International Airport),t
dallas,2026-05-16 00:00:00,88.2,70.6,,open-meteo (Dallas/Fort Worth International Airport),t
dallas,2026-05-17 00:00:00,88.3,67.7,,open-meteo (Dallas/Fort Worth International Airport),t
dallas,2026-05-18 00:00:00,87.6,71.2,,open-meteo (Dallas/Fort Worth International Airport),t
dallas,2026-05-19 00:00:00,78.7,71.7,,open-meteo (Dallas/Fort Worth International Airport),t
dallas,2026-05-20 00:00:00,79.2,64.1,,open-meteo (Dallas/Fort Worth International Airport),t
dallas,2026-05-21 00:00:00,74.8,66.4,,open-meteo (Dallas/Fort Worth International Airport),t
dallas,2026-05-22 00:00:00,81.9,64.4,,open-meteo (Dallas/Fort Worth International Airport),t
dallas,2026-05-23 00:00:00,80.4,64.8,,open-meteo (Dallas/Fort Worth International Airport),t
dallas,2026-05-24 00:00:00,81.2,65.6,,open-meteo (Dallas/Fort Worth International Airport),t
dallas,2026-05-25 00:00:00,83.0,67.1,,open-meteo (Dallas/Fort Worth International Airport),t
dallas,2026-05-26 00:00:00,82.4,66.1,,open-meteo (Dallas/Fort Worth International Airport),t
dallas,2026-05-27 00:00:00,79.0,67.3,,open-meteo (Dallas/Fort Worth International Airport),t
dallas,2026-05-28 00:00:00,83.0,67.8,,open-meteo (Dallas/Fort Worth International Airport),t
dallas,2026-05-29 00:00:00,88.2,71.2,,open-meteo (Dallas/Fort Worth International Airport),t
dallas,2026-05-30 00:00:00,93.1,74.2,,open-meteo (Dallas/Fort Worth International Airport),t
dallas,2026-05-31 00:00:00,94.0,75.8,,open-meteo (Dallas/Fort Worth International Airport),t
dallas,2026-06-01 00:00:00,93.2,75.2,,open-meteo (Dallas/Fort Worth International Airport),t
dallas,2026-06-02 00:00:00,93.8,76.2,,open-meteo (Dallas/Fort Worth International Airport),t
dallas,2026-06-03 00:00:00,87.8,70.5,,open-meteo (Dallas/Fort Worth International Airport),t
dallas,2026-06-04 00:00:00,85.2,71.8,,open-meteo (Dallas/Fort Worth International Airport),t
dallas,2026-06-05 00:00:00,86.2,72.3,,open-meteo (Dallas/Fort Worth International Airport),t
dallas,2026-06-06 00:00:00,86.1,70.2,,open-meteo (Dallas/Fort Worth International Airport),t
dallas,2026-06-07 00:00:00,89.3,70.7,,open-meteo (Dallas/Fort Worth International Airport),t
dallas,2026-06-08 00:00:00,94.0,78.0,,open-meteo (Dallas/Fort Worth International Airport),t
hong_kong,2026-03-30 00:00:00,26.3,21.7,,open-meteo (Hong Kong Observatory),t
hong_kong,2026-03-31 00:00:00,25.5,21.5,,open-meteo (Hong Kong Observatory),t
hong_kong,2026-04-01 00:00:00,28.0,18.0,,open-meteo (Hong Kong Observatory),t
hong_kong,2026-04-02 00:00:00,22.9,21.2,,open-meteo (Hong Kong Observatory),t
hong_kong,2026-04-03 00:00:00,25.5,22.3,,open-meteo (Hong Kong Observatory),t
hong_kong,2026-04-04 00:00:00,26.0,20.6,,open-meteo (Hong Kong Observatory),t
hong_kong,2026-04-05 00:00:00,25.0,20.9,,open-meteo (Hong Kong Observatory),t
hong_kong,2026-04-06 00:00:00,26.8,23.5,,open-meteo (Hong Kong Observatory),t
hong_kong,2026-04-07 00:00:00,28.6,23.8,,open-meteo (Hong Kong Observatory),t
hong_kong,2026-04-08 00:00:00,24.4,21.2,,open-meteo (Hong Kong Observatory),t
hong_kong,2026-04-09 00:00:00,26.0,22.9,,open-meteo (Hong Kong Observatory),t
hong_kong,2026-04-10 00:00:00,27.2,23.0,,open-meteo (Hong Kong Observatory),t
hong_kong,2026-04-11 00:00:00,26.7,23.1,,open-meteo (Hong Kong Observatory),t
hong_kong,2026-04-12 00:00:00,27.2,23.5,,open-meteo (Hong Kong Observatory),t
hong_kong,2026-04-13 00:00:00,27.4,23.5,,open-meteo (Hong Kong Observatory),t
hong_kong,2026-04-14 00:00:00,27.8,23.1,,open-meteo (Hong Kong Observatory),t
hong_kong,2026-04-15 00:00:00,27.3,23.3,,open-meteo (Hong Kong Observatory),t
hong_kong,2026-04-16 00:00:00,27.6,23.3,,open-meteo (Hong Kong Observatory),t
hong_kong,2026-04-17 00:00:00,27.5,21.9,,open-meteo (Hong Kong Observatory),t
hong_kong,2026-04-18 00:00:00,28.1,21.2,,open-meteo (Hong Kong Observatory),t
hong_kong,2026-04-19 00:00:00,27.6,21.8,,open-meteo (Hong Kong Observatory),t
hong_kong,2026-04-20 00:00:00,27.6,22.5,,open-meteo (Hong Kong Observatory),t
hong_kong,2026-04-21 00:00:00,27.1,22.0,,open-meteo (Hong Kong Observatory),t
hong_kong,2026-04-22 00:00:00,27.6,24.0,,open-meteo (Hong Kong Observatory),t
hong_kong,2026-04-23 00:00:00,27.9,19.7,,open-meteo (Hong Kong Observatory),t
hong_kong,2026-04-24 00:00:00,21.4,17.6,,open-meteo (Hong Kong Observatory),t
hong_kong,2026-04-25 00:00:00,25.7,17.5,,open-meteo (Hong Kong Observatory),t
hong_kong,2026-04-26 00:00:00,25.9,20.7,,open-meteo (Hong Kong Observatory),t
hong_kong,2026-04-27 00:00:00,26.0,21.6,,open-meteo (Hong Kong Observatory),t
hong_kong,2026-04-28 00:00:00,26.8,22.0,,open-meteo (Hong Kong Observatory),t
hong_kong,2026-04-29 00:00:00,27.6,18.8,,open-meteo (Hong Kong Observatory),t
hong_kong,2026-04-30 00:00:00,24.3,17.2,,open-meteo (Hong Kong Observatory),t
hong_kong,2026-05-01 00:00:00,24.2,18.8,,open-meteo (Hong Kong Observatory),t
hong_kong,2026-05-02 00:00:00,26.8,22.8,,open-meteo (Hong Kong Observatory),t
hong_kong,2026-05-03 00:00:00,26.9,20.6,,open-meteo (Hong Kong Observatory),t
hong_kong,2026-05-04 00:00:00,25.4,20.3,,open-meteo (Hong Kong Observatory),t
hong_kong,2026-05-05 00:00:00,21.6,19.0,,open-meteo (Hong Kong Observatory),t
hong_kong,2026-05-06 00:00:00,25.0,20.3,,open-meteo (Hong Kong Observatory),t
hong_kong,2026-05-07 00:00:00,27.0,22.4,,open-meteo (Hong Kong Observatory),t
hong_kong,2026-05-08 00:00:00,28.6,22.4,,open-meteo (Hong Kong Observatory),t
hong_kong,2026-05-09 00:00:00,24.0,22.0,,open-meteo (Hong Kong Observatory),t
hong_kong,2026-05-10 00:00:00,24.9,21.5,,open-meteo (Hong Kong Observatory),t
hong_kong,2026-05-11 00:00:00,27.7,21.0,,open-meteo (Hong Kong Observatory),t
hong_kong,2026-05-12 00:00:00,29.6,23.2,,open-meteo (Hong Kong Observatory),t
hong_kong,2026-05-13 00:00:00,29.1,24.4,,open-meteo (Hong Kong Observatory),t
hong_kong,2026-05-14 00:00:00,28.2,24.9,,open-meteo (Hong Kong Observatory),t
hong_kong,2026-05-15 00:00:00,27.9,23.5,,open-meteo (Hong Kong Observatory),t
hong_kong,2026-05-16 00:00:00,25.8,23.0,,open-meteo (Hong Kong Observatory),t
hong_kong,2026-05-17 00:00:00,24.6,22.9,,open-meteo (Hong Kong Observatory),t
hong_kong,2026-05-18 00:00:00,26.4,23.8,,open-meteo (Hong Kong Observatory),t
hong_kong,2026-05-19 00:00:00,26.9,23.8,,open-meteo (Hong Kong Observatory),t
hong_kong,2026-05-20 00:00:00,29.2,24.2,,open-meteo (Hong Kong Observatory),t
hong_kong,2026-05-21 00:00:00,29.6,24.0,,open-meteo (Hong Kong Observatory),t
hong_kong,2026-05-22 00:00:00,30.0,25.0,,open-meteo (Hong Kong Observatory),t
hong_kong,2026-05-23 00:00:00,29.5,26.0,,open-meteo (Hong Kong Observatory),t
hong_kong,2026-05-24 00:00:00,30.4,26.6,,open-meteo (Hong Kong Observatory),t
hong_kong,2026-05-25 00:00:00,30.5,26.9,,open-meteo (Hong Kong Observatory),t
hong_kong,2026-05-26 00:00:00,30.6,26.8,,open-meteo (Hong Kong Observatory),t
hong_kong,2026-05-27 00:00:00,31.2,27.0,,open-meteo (Hong Kong Observatory),t
hong_kong,2026-05-28 00:00:00,32.3,27.0,,open-meteo (Hong Kong Observatory),t
hong_kong,2026-05-29 00:00:00,35.0,24.1,,open-meteo (Hong Kong Observatory),t
hong_kong,2026-05-30 00:00:00,31.2,24.9,,open-meteo (Hong Kong Observatory),t
hong_kong,2026-05-31 00:00:00,29.9,25.4,,open-meteo (Hong Kong Observatory),t
hong_kong,2026-06-01 00:00:00,30.0,25.6,,open-meteo (Hong Kong Observatory),t
hong_kong,2026-06-02 00:00:00,31.5,26.5,,open-meteo (Hong Kong Observatory),t
hong_kong,2026-06-03 00:00:00,31.7,24.1,,open-meteo (Hong Kong Observatory),t
hong_kong,2026-06-04 00:00:00,34.5,27.6,,open-meteo (Hong Kong Observatory),t
hong_kong,2026-06-05 00:00:00,34.2,28.1,,open-meteo (Hong Kong Observatory),t
hong_kong,2026-06-06 00:00:00,32.8,24.9,,open-meteo (Hong Kong Observatory),t
hong_kong,2026-06-07 00:00:00,29.5,24.4,,open-meteo (Hong Kong Observatory),t
hong_kong,2026-06-08 00:00:00,28.3,25.4,,open-meteo (Hong Kong Observatory),t
london,2026-03-30 00:00:00,11.4,6.3,,open-meteo (Heathrow Airport),t
london,2026-03-31 00:00:00,16.8,6.2,,open-meteo (Heathrow Airport),t
london,2026-04-01 00:00:00,13.2,8.2,,open-meteo (Heathrow Airport),t
london,2026-04-02 00:00:00,10.8,4.9,,open-meteo (Heathrow Airport),t
london,2026-04-03 00:00:00,15.6,7.8,,open-meteo (Heathrow Airport),t
london,2026-04-04 00:00:00,13.7,7.3,,open-meteo (Heathrow Airport),t
london,2026-04-05 00:00:00,12.4,5.9,,open-meteo (Heathrow Airport),t
london,2026-04-06 00:00:00,14.3,2.7,,open-meteo (Heathrow Airport),t
london,2026-04-07 00:00:00,20.2,6.0,,open-meteo (Heathrow Airport),t
london,2026-04-08 00:00:00,24.9,8.1,,open-meteo (Heathrow Airport),t
london,2026-04-09 00:00:00,19.5,7.9,,open-meteo (Heathrow Airport),t
london,2026-04-10 00:00:00,12.9,5.8,,open-meteo (Heathrow Airport),t
london,2026-04-11 00:00:00,12.6,7.9,,open-meteo (Heathrow Airport),t
london,2026-04-12 00:00:00,14.4,7.2,,open-meteo (Heathrow Airport),t
london,2026-04-13 00:00:00,12.9,3.7,,open-meteo (Heathrow Airport),t
london,2026-04-14 00:00:00,15.7,3.6,,open-meteo (Heathrow Airport),t
london,2026-04-15 00:00:00,16.7,10.6,,open-meteo (Heathrow Airport),t
london,2026-04-16 00:00:00,16.6,9.8,,open-meteo (Heathrow Airport),t
london,2026-04-17 00:00:00,17.5,10.0,,open-meteo (Heathrow Airport),t
london,2026-04-18 00:00:00,15.8,7.8,,open-meteo (Heathrow Airport),t
london,2026-04-19 00:00:00,15.2,5.5,,open-meteo (Heathrow Airport),t
london,2026-04-20 00:00:00,13.7,5.4,,open-meteo (Heathrow Airport),t
london,2026-04-21 00:00:00,14.4,5.2,,open-meteo (Heathrow Airport),t
london,2026-04-22 00:00:00,17.2,6.3,,open-meteo (Heathrow Airport),t
london,2026-04-23 00:00:00,19.1,6.9,,open-meteo (Heathrow Airport),t
london,2026-04-24 00:00:00,20.1,4.5,,open-meteo (Heathrow Airport),t
london,2026-04-25 00:00:00,21.0,3.7,,open-meteo (Heathrow Airport),t
london,2026-04-26 00:00:00,20.0,7.2,,open-meteo (Heathrow Airport),t
london,2026-04-27 00:00:00,21.8,7.3,,open-meteo (Heathrow Airport),t
london,2026-04-28 00:00:00,16.5,8.9,,open-meteo (Heathrow Airport),t
london,2026-04-29 00:00:00,18.2,7.8,,open-meteo (Heathrow Airport),t
london,2026-04-30 00:00:00,21.9,10.5,,open-meteo (Heathrow Airport),t
london,2026-05-01 00:00:00,23.9,10.4,,open-meteo (Heathrow Airport),t
london,2026-05-02 00:00:00,22.3,9.7,,open-meteo (Heathrow Airport),t
london,2026-05-03 00:00:00,18.9,11.9,,open-meteo (Heathrow Airport),t
london,2026-05-04 00:00:00,16.6,10.7,,open-meteo (Heathrow Airport),t
london,2026-05-05 00:00:00,16.4,10.1,,open-meteo (Heathrow Airport),t
london,2026-05-06 00:00:00,13.9,8.2,,open-meteo (Heathrow Airport),t
london,2026-05-07 00:00:00,16.2,7.0,,open-meteo (Heathrow Airport),t
london,2026-05-08 00:00:00,18.6,8.9,,open-meteo (Heathrow Airport),t
london,2026-05-09 00:00:00,21.8,9.4,,open-meteo (Heathrow Airport),t
london,2026-05-10 00:00:00,14.5,8.6,,open-meteo (Heathrow Airport),t
london,2026-05-11 00:00:00,12.0,4.2,,open-meteo (Heathrow Airport),t
london,2026-05-12 00:00:00,15.1,3.7,,open-meteo (Heathrow Airport),t
london,2026-05-13 00:00:00,13.6,8.1,,open-meteo (Heathrow Airport),t
london,2026-05-14 00:00:00,13.4,6.0,,open-meteo (Heathrow Airport),t
london,2026-05-15 00:00:00,13.6,5.7,,open-meteo (Heathrow Airport),t
london,2026-05-16 00:00:00,14.9,5.3,,open-meteo (Heathrow Airport),t
london,2026-05-17 00:00:00,16.0,8.4,,open-meteo (Heathrow Airport),t
london,2026-05-18 00:00:00,14.1,7.4,,open-meteo (Heathrow Airport),t
london,2026-05-19 00:00:00,17.6,11.1,,open-meteo (Heathrow Airport),t
london,2026-05-20 00:00:00,18.8,11.4,,open-meteo (Heathrow Airport),t
london,2026-05-21 00:00:00,22.3,10.8,,open-meteo (Heathrow Airport),t
london,2026-05-22 00:00:00,26.4,13.8,,open-meteo (Heathrow Airport),t
london,2026-05-23 00:00:00,28.0,17.4,,open-meteo (Heathrow Airport),t
london,2026-05-24 00:00:00,30.3,16.1,,open-meteo (Heathrow Airport),t
london,2026-05-25 00:00:00,32.7,18.6,,open-meteo (Heathrow Airport),t
london,2026-05-26 00:00:00,33.1,19.5,,open-meteo (Heathrow Airport),t
london,2026-05-27 00:00:00,28.4,17.9,,open-meteo (Heathrow Airport),t
london,2026-05-28 00:00:00,30.5,15.9,,open-meteo (Heathrow Airport),t
london,2026-05-29 00:00:00,24.6,16.9,,open-meteo (Heathrow Airport),t
london,2026-05-30 00:00:00,27.8,14.9,,open-meteo (Heathrow Airport),t
london,2026-05-31 00:00:00,22.4,14.7,,open-meteo (Heathrow Airport),t
london,2026-06-01 00:00:00,23.2,12.8,,open-meteo (Heathrow Airport),t
london,2026-06-02 00:00:00,19.3,14.1,,open-meteo (Heathrow Airport),t
london,2026-06-03 00:00:00,18.9,12.6,,open-meteo (Heathrow Airport),t
london,2026-06-04 00:00:00,17.8,12.9,,open-meteo (Heathrow Airport),t
london,2026-06-05 00:00:00,17.3,11.2,,open-meteo (Heathrow Airport),t
london,2026-06-06 00:00:00,16.5,12.1,,open-meteo (Heathrow Airport),t
london,2026-06-07 00:00:00,18.4,10.7,,open-meteo (Heathrow Airport),t
london,2026-06-08 00:00:00,16.0,13.0,,open-meteo (Heathrow Airport),t
lucknow,2026-03-30 00:00:00,36.7,22.0,,open-meteo (Lucknow Airport (Amausi)),t
lucknow,2026-03-31 00:00:00,35.6,24.5,,open-meteo (Lucknow Airport (Amausi)),t
lucknow,2026-04-01 00:00:00,35.7,22.2,,open-meteo (Lucknow Airport (Amausi)),t
lucknow,2026-04-02 00:00:00,37.3,21.2,,open-meteo (Lucknow Airport (Amausi)),t
lucknow,2026-04-03 00:00:00,34.3,23.2,,open-meteo (Lucknow Airport (Amausi)),t
lucknow,2026-04-04 00:00:00,35.0,22.6,,open-meteo (Lucknow Airport (Amausi)),t
lucknow,2026-04-05 00:00:00,31.4,19.1,,open-meteo (Lucknow Airport (Amausi)),t
lucknow,2026-04-06 00:00:00,32.8,18.4,,open-meteo (Lucknow Airport (Amausi)),t
lucknow,2026-04-07 00:00:00,33.2,21.0,,open-meteo (Lucknow Airport (Amausi)),t
lucknow,2026-04-08 00:00:00,25.1,17.5,,open-meteo (Lucknow Airport (Amausi)),t
lucknow,2026-04-09 00:00:00,30.0,16.5,,open-meteo (Lucknow Airport (Amausi)),t
lucknow,2026-04-10 00:00:00,31.6,17.2,,open-meteo (Lucknow Airport (Amausi)),t
lucknow,2026-04-11 00:00:00,34.8,20.1,,open-meteo (Lucknow Airport (Amausi)),t
lucknow,2026-04-12 00:00:00,36.5,20.8,,open-meteo (Lucknow Airport (Amausi)),t
lucknow,2026-04-13 00:00:00,35.8,20.4,,open-meteo (Lucknow Airport (Amausi)),t
lucknow,2026-04-14 00:00:00,38.1,20.3,,open-meteo (Lucknow Airport (Amausi)),t
lucknow,2026-04-15 00:00:00,39.1,22.3,,open-meteo (Lucknow Airport (Amausi)),t
lucknow,2026-04-16 00:00:00,39.5,23.8,,open-meteo (Lucknow Airport (Amausi)),t
lucknow,2026-04-17 00:00:00,38.8,24.0,,open-meteo (Lucknow Airport (Amausi)),t
lucknow,2026-04-18 00:00:00,40.5,23.5,,open-meteo (Lucknow Airport (Amausi)),t
lucknow,2026-04-19 00:00:00,41.6,24.2,,open-meteo (Lucknow Airport (Amausi)),t
lucknow,2026-04-20 00:00:00,41.7,24.5,,open-meteo (Lucknow Airport (Amausi)),t
lucknow,2026-04-21 00:00:00,40.5,25.4,,open-meteo (Lucknow Airport (Amausi)),t
lucknow,2026-04-22 00:00:00,40.9,25.8,,open-meteo (Lucknow Airport (Amausi)),t
lucknow,2026-04-23 00:00:00,41.8,24.9,,open-meteo (Lucknow Airport (Amausi)),t
lucknow,2026-04-24 00:00:00,42.3,24.5,,open-meteo (Lucknow Airport (Amausi)),t
lucknow,2026-04-25 00:00:00,43.0,26.7,,open-meteo (Lucknow Airport (Amausi)),t
lucknow,2026-04-26 00:00:00,43.0,28.8,,open-meteo (Lucknow Airport (Amausi)),t
lucknow,2026-04-27 00:00:00,40.7,25.0,,open-meteo (Lucknow Airport (Amausi)),t
lucknow,2026-04-28 00:00:00,39.8,26.5,,open-meteo (Lucknow Airport (Amausi)),t
lucknow,2026-04-29 00:00:00,39.0,27.8,,open-meteo (Lucknow Airport (Amausi)),t
lucknow,2026-04-30 00:00:00,33.3,22.8,,open-meteo (Lucknow Airport (Amausi)),t
lucknow,2026-05-01 00:00:00,33.5,21.2,,open-meteo (Lucknow Airport (Amausi)),t
lucknow,2026-05-02 00:00:00,34.3,23.4,,open-meteo (Lucknow Airport (Amausi)),t
lucknow,2026-05-03 00:00:00,34.1,24.3,,open-meteo (Lucknow Airport (Amausi)),t
lucknow,2026-05-04 00:00:00,29.5,21.6,,open-meteo (Lucknow Airport (Amausi)),t
lucknow,2026-05-05 00:00:00,29.0,22.0,,open-meteo (Lucknow Airport (Amausi)),t
lucknow,2026-05-06 00:00:00,32.7,20.9,,open-meteo (Lucknow Airport (Amausi)),t
lucknow,2026-05-07 00:00:00,30.3,21.8,,open-meteo (Lucknow Airport (Amausi)),t
lucknow,2026-05-08 00:00:00,33.5,21.4,,open-meteo (Lucknow Airport (Amausi)),t
lucknow,2026-05-09 00:00:00,32.8,24.0,,open-meteo (Lucknow Airport (Amausi)),t
lucknow,2026-05-10 00:00:00,34.8,24.4,,open-meteo (Lucknow Airport (Amausi)),t
lucknow,2026-05-11 00:00:00,36.3,25.4,,open-meteo (Lucknow Airport (Amausi)),t
lucknow,2026-05-12 00:00:00,36.7,26.0,,open-meteo (Lucknow Airport (Amausi)),t
lucknow,2026-05-13 00:00:00,36.8,27.6,,open-meteo (Lucknow Airport (Amausi)),t
lucknow,2026-05-14 00:00:00,36.5,25.2,,open-meteo (Lucknow Airport (Amausi)),t
lucknow,2026-05-15 00:00:00,36.3,26.8,,open-meteo (Lucknow Airport (Amausi)),t
lucknow,2026-05-16 00:00:00,38.9,26.6,,open-meteo (Lucknow Airport (Amausi)),t
lucknow,2026-05-17 00:00:00,40.1,27.6,,open-meteo (Lucknow Airport (Amausi)),t
lucknow,2026-05-18 00:00:00,41.5,29.2,,open-meteo (Lucknow Airport (Amausi)),t
lucknow,2026-05-19 00:00:00,41.2,29.5,,open-meteo (Lucknow Airport (Amausi)),t
lucknow,2026-05-20 00:00:00,42.5,29.1,,open-meteo (Lucknow Airport (Amausi)),t
lucknow,2026-05-21 00:00:00,42.2,30.2,,open-meteo (Lucknow Airport (Amausi)),t
lucknow,2026-05-22 00:00:00,41.0,28.6,,open-meteo (Lucknow Airport (Amausi)),t
lucknow,2026-05-23 00:00:00,42.0,29.2,,open-meteo (Lucknow Airport (Amausi)),t
lucknow,2026-05-24 00:00:00,41.9,29.8,,open-meteo (Lucknow Airport (Amausi)),t
lucknow,2026-05-25 00:00:00,42.4,29.9,,open-meteo (Lucknow Airport (Amausi)),t
lucknow,2026-05-26 00:00:00,41.8,27.8,,open-meteo (Lucknow Airport (Amausi)),t
lucknow,2026-05-27 00:00:00,40.8,27.9,,open-meteo (Lucknow Airport (Amausi)),t
lucknow,2026-05-28 00:00:00,37.7,28.0,,open-meteo (Lucknow Airport (Amausi)),t
lucknow,2026-05-29 00:00:00,33.6,24.1,,open-meteo (Lucknow Airport (Amausi)),t
lucknow,2026-05-30 00:00:00,32.3,24.6,,open-meteo (Lucknow Airport (Amausi)),t
lucknow,2026-05-31 00:00:00,32.9,24.9,,open-meteo (Lucknow Airport (Amausi)),t
lucknow,2026-06-01 00:00:00,33.6,23.9,,open-meteo (Lucknow Airport (Amausi)),t
lucknow,2026-06-02 00:00:00,36.5,26.0,,open-meteo (Lucknow Airport (Amausi)),t
lucknow,2026-06-03 00:00:00,36.0,26.4,,open-meteo (Lucknow Airport (Amausi)),t
lucknow,2026-06-04 00:00:00,37.3,28.0,,open-meteo (Lucknow Airport (Amausi)),t
lucknow,2026-06-05 00:00:00,36.2,26.3,,open-meteo (Lucknow Airport (Amausi)),t
lucknow,2026-06-06 00:00:00,36.3,28.2,,open-meteo (Lucknow Airport (Amausi)),t
lucknow,2026-06-07 00:00:00,37.2,27.0,,open-meteo (Lucknow Airport (Amausi)),t
lucknow,2026-06-08 00:00:00,40.0,30.0,,open-meteo (Lucknow Airport (Amausi)),t
madrid,2026-03-30 00:00:00,19.1,2.2,,open-meteo (Madrid Retiro Observatory),t
madrid,2026-03-31 00:00:00,20.1,9.1,,open-meteo (Madrid Retiro Observatory),t
madrid,2026-04-01 00:00:00,19.9,8.6,,open-meteo (Madrid Retiro Observatory),t
madrid,2026-04-02 00:00:00,19.0,6.4,,open-meteo (Madrid Retiro Observatory),t
madrid,2026-04-03 00:00:00,21.6,4.2,,open-meteo (Madrid Retiro Observatory),t
madrid,2026-04-04 00:00:00,24.0,8.9,,open-meteo (Madrid Retiro Observatory),t
madrid,2026-04-05 00:00:00,25.9,10.4,,open-meteo (Madrid Retiro Observatory),t
madrid,2026-04-06 00:00:00,26.4,11.8,,open-meteo (Madrid Retiro Observatory),t
madrid,2026-04-07 00:00:00,21.5,12.6,,open-meteo (Madrid Retiro Observatory),t
madrid,2026-04-08 00:00:00,17.3,10.9,,open-meteo (Madrid Retiro Observatory),t
madrid,2026-04-09 00:00:00,25.0,8.8,,open-meteo (Madrid Retiro Observatory),t
madrid,2026-04-10 00:00:00,28.5,13.6,,open-meteo (Madrid Retiro Observatory),t
madrid,2026-04-11 00:00:00,23.1,14.6,,open-meteo (Madrid Retiro Observatory),t
madrid,2026-04-12 00:00:00,15.4,9.0,,open-meteo (Madrid Retiro Observatory),t
madrid,2026-04-13 00:00:00,14.4,4.8,,open-meteo (Madrid Retiro Observatory),t
madrid,2026-04-14 00:00:00,20.7,7.9,,open-meteo (Madrid Retiro Observatory),t
madrid,2026-04-15 00:00:00,23.4,9.9,,open-meteo (Madrid Retiro Observatory),t
madrid,2026-04-16 00:00:00,25.5,10.9,,open-meteo (Madrid Retiro Observatory),t
madrid,2026-04-17 00:00:00,26.2,11.6,,open-meteo (Madrid Retiro Observatory),t
madrid,2026-04-18 00:00:00,27.1,14.1,,open-meteo (Madrid Retiro Observatory),t
madrid,2026-04-19 00:00:00,27.3,14.5,,open-meteo (Madrid Retiro Observatory),t
madrid,2026-04-20 00:00:00,27.5,12.9,,open-meteo (Madrid Retiro Observatory),t
madrid,2026-04-21 00:00:00,27.8,13.2,,open-meteo (Madrid Retiro Observatory),t
madrid,2026-04-22 00:00:00,23.4,14.1,,open-meteo (Madrid Retiro Observatory),t
madrid,2026-04-23 00:00:00,27.6,13.6,,open-meteo (Madrid Retiro Observatory),t
madrid,2026-04-24 00:00:00,22.7,12.9,,open-meteo (Madrid Retiro Observatory),t
madrid,2026-04-25 00:00:00,23.9,14.4,,open-meteo (Madrid Retiro Observatory),t
madrid,2026-04-26 00:00:00,26.0,14.0,,open-meteo (Madrid Retiro Observatory),t
madrid,2026-04-27 00:00:00,26.4,14.1,,open-meteo (Madrid Retiro Observatory),t
madrid,2026-04-28 00:00:00,25.4,14.2,,open-meteo (Madrid Retiro Observatory),t
madrid,2026-04-29 00:00:00,19.0,13.6,,open-meteo (Madrid Retiro Observatory),t
madrid,2026-04-30 00:00:00,20.3,10.5,,open-meteo (Madrid Retiro Observatory),t
madrid,2026-05-01 00:00:00,23.2,10.9,,open-meteo (Madrid Retiro Observatory),t
madrid,2026-05-02 00:00:00,18.1,13.4,,open-meteo (Madrid Retiro Observatory),t
madrid,2026-05-03 00:00:00,18.8,11.9,,open-meteo (Madrid Retiro Observatory),t
madrid,2026-05-04 00:00:00,18.4,10.1,,open-meteo (Madrid Retiro Observatory),t
madrid,2026-05-05 00:00:00,19.0,10.1,,open-meteo (Madrid Retiro Observatory),t
madrid,2026-05-06 00:00:00,20.1,7.5,,open-meteo (Madrid Retiro Observatory),t
madrid,2026-05-07 00:00:00,18.1,10.7,,open-meteo (Madrid Retiro Observatory),t
madrid,2026-05-08 00:00:00,17.9,9.4,,open-meteo (Madrid Retiro Observatory),t
madrid,2026-05-09 00:00:00,15.7,11.1,,open-meteo (Madrid Retiro Observatory),t
madrid,2026-05-10 00:00:00,14.5,9.8,,open-meteo (Madrid Retiro Observatory),t
madrid,2026-05-11 00:00:00,17.9,8.9,,open-meteo (Madrid Retiro Observatory),t
madrid,2026-05-12 00:00:00,17.2,9.4,,open-meteo (Madrid Retiro Observatory),t
madrid,2026-05-13 00:00:00,19.5,9.9,,open-meteo (Madrid Retiro Observatory),t
madrid,2026-05-14 00:00:00,21.0,10.6,,open-meteo (Madrid Retiro Observatory),t
madrid,2026-05-15 00:00:00,16.2,9.7,,open-meteo (Madrid Retiro Observatory),t
madrid,2026-05-16 00:00:00,19.5,6.5,,open-meteo (Madrid Retiro Observatory),t
madrid,2026-05-17 00:00:00,22.9,8.9,,open-meteo (Madrid Retiro Observatory),t
madrid,2026-05-18 00:00:00,23.4,10.3,,open-meteo (Madrid Retiro Observatory),t
madrid,2026-05-19 00:00:00,26.4,12.5,,open-meteo (Madrid Retiro Observatory),t
madrid,2026-05-20 00:00:00,29.8,14.6,,open-meteo (Madrid Retiro Observatory),t
madrid,2026-05-21 00:00:00,31.8,16.7,,open-meteo (Madrid Retiro Observatory),t
madrid,2026-05-22 00:00:00,32.0,17.8,,open-meteo (Madrid Retiro Observatory),t
madrid,2026-05-23 00:00:00,31.8,18.2,,open-meteo (Madrid Retiro Observatory),t
madrid,2026-05-24 00:00:00,32.0,18.5,,open-meteo (Madrid Retiro Observatory),t
madrid,2026-05-25 00:00:00,31.4,18.5,,open-meteo (Madrid Retiro Observatory),t
madrid,2026-05-26 00:00:00,31.6,18.1,,open-meteo (Madrid Retiro Observatory),t
madrid,2026-05-27 00:00:00,33.7,18.9,,open-meteo (Madrid Retiro Observatory),t
madrid,2026-05-28 00:00:00,33.9,18.6,,open-meteo (Madrid Retiro Observatory),t
madrid,2026-05-29 00:00:00,35.2,19.8,,open-meteo (Madrid Retiro Observatory),t
madrid,2026-05-30 00:00:00,35.7,21.9,,open-meteo (Madrid Retiro Observatory),t
madrid,2026-05-31 00:00:00,34.2,21.0,,open-meteo (Madrid Retiro Observatory),t
madrid,2026-06-01 00:00:00,34.3,20.3,,open-meteo (Madrid Retiro Observatory),t
madrid,2026-06-02 00:00:00,30.2,21.6,,open-meteo (Madrid Retiro Observatory),t
madrid,2026-06-03 00:00:00,32.8,16.4,,open-meteo (Madrid Retiro Observatory),t
madrid,2026-06-04 00:00:00,28.5,19.4,,open-meteo (Madrid Retiro Observatory),t
madrid,2026-06-05 00:00:00,28.8,13.7,,open-meteo (Madrid Retiro Observatory),t
madrid,2026-06-06 00:00:00,30.0,17.0,,open-meteo (Madrid Retiro Observatory),t
madrid,2026-06-07 00:00:00,32.5,18.8,,open-meteo (Madrid Retiro Observatory),t
madrid,2026-06-08 00:00:00,34.0,17.0,,open-meteo (Madrid Retiro Observatory),t
miami,2026-03-30 00:00:00,77.3,68.7,,open-meteo (Miami International Airport),t
miami,2026-03-31 00:00:00,78.5,71.2,,open-meteo (Miami International Airport),t
miami,2026-04-01 00:00:00,80.1,69.3,,open-meteo (Miami International Airport),t
miami,2026-04-02 00:00:00,80.5,70.1,,open-meteo (Miami International Airport),t
miami,2026-04-03 00:00:00,79.2,73.1,,open-meteo (Miami International Airport),t
miami,2026-04-04 00:00:00,80.5,70.7,,open-meteo (Miami International Airport),t
miami,2026-04-05 00:00:00,80.4,71.3,,open-meteo (Miami International Airport),t
miami,2026-04-06 00:00:00,81.8,69.9,,open-meteo (Miami International Airport),t
miami,2026-04-07 00:00:00,81.0,69.0,,open-meteo (Miami International Airport),t
miami,2026-04-08 00:00:00,78.2,67.6,,open-meteo (Miami International Airport),t
miami,2026-04-09 00:00:00,77.8,70.1,,open-meteo (Miami International Airport),t
miami,2026-04-10 00:00:00,78.5,70.2,,open-meteo (Miami International Airport),t
miami,2026-04-11 00:00:00,78.4,69.1,,open-meteo (Miami International Airport),t
miami,2026-04-12 00:00:00,80.8,69.6,,open-meteo (Miami International Airport),t
miami,2026-04-13 00:00:00,80.6,71.3,,open-meteo (Miami International Airport),t
miami,2026-04-14 00:00:00,80.6,70.5,,open-meteo (Miami International Airport),t
miami,2026-04-15 00:00:00,80.7,68.7,,open-meteo (Miami International Airport),t
miami,2026-04-16 00:00:00,82.7,71.3,,open-meteo (Miami International Airport),t
miami,2026-04-17 00:00:00,82.9,71.4,,open-meteo (Miami International Airport),t
miami,2026-04-18 00:00:00,83.8,71.3,,open-meteo (Miami International Airport),t
miami,2026-04-19 00:00:00,88.0,72.9,,open-meteo (Miami International Airport),t
miami,2026-04-20 00:00:00,85.4,70.1,,open-meteo (Miami International Airport),t
miami,2026-04-21 00:00:00,79.0,71.2,,open-meteo (Miami International Airport),t
miami,2026-04-22 00:00:00,79.5,70.3,,open-meteo (Miami International Airport),t
miami,2026-04-23 00:00:00,78.1,67.5,,open-meteo (Miami International Airport),t
miami,2026-04-24 00:00:00,80.4,68.2,,open-meteo (Miami International Airport),t
miami,2026-04-25 00:00:00,83.1,69.6,,open-meteo (Miami International Airport),t
miami,2026-04-26 00:00:00,85.9,69.2,,open-meteo (Miami International Airport),t
miami,2026-04-27 00:00:00,84.8,67.0,,open-meteo (Miami International Airport),t
miami,2026-04-28 00:00:00,83.8,71.0,,open-meteo (Miami International Airport),t
miami,2026-04-29 00:00:00,85.3,70.6,,open-meteo (Miami International Airport),t
miami,2026-04-30 00:00:00,88.8,70.0,,open-meteo (Miami International Airport),t
miami,2026-05-01 00:00:00,88.6,68.7,,open-meteo (Miami International Airport),t
miami,2026-05-02 00:00:00,93.9,74.9,,open-meteo (Miami International Airport),t
miami,2026-05-03 00:00:00,83.6,71.0,,open-meteo (Miami International Airport),t
miami,2026-05-04 00:00:00,80.5,70.5,,open-meteo (Miami International Airport),t
miami,2026-05-05 00:00:00,84.7,70.0,,open-meteo (Miami International Airport),t
miami,2026-05-06 00:00:00,86.3,72.3,,open-meteo (Miami International Airport),t
miami,2026-05-07 00:00:00,93.6,73.0,,open-meteo (Miami International Airport),t
miami,2026-05-08 00:00:00,94.3,71.2,,open-meteo (Miami International Airport),t
miami,2026-05-09 00:00:00,92.4,75.7,,open-meteo (Miami International Airport),t
miami,2026-05-10 00:00:00,91.5,76.7,,open-meteo (Miami International Airport),t
miami,2026-05-11 00:00:00,88.3,78.3,,open-meteo (Miami International Airport),t
miami,2026-05-12 00:00:00,92.1,75.4,,open-meteo (Miami International Airport),t
miami,2026-05-13 00:00:00,90.0,75.7,,open-meteo (Miami International Airport),t
miami,2026-05-14 00:00:00,92.7,75.0,,open-meteo (Miami International Airport),t
miami,2026-05-15 00:00:00,92.6,71.7,,open-meteo (Miami International Airport),t
miami,2026-05-16 00:00:00,88.3,73.0,,open-meteo (Miami International Airport),t
miami,2026-05-17 00:00:00,84.5,76.7,,open-meteo (Miami International Airport),t
miami,2026-05-18 00:00:00,83.3,73.8,,open-meteo (Miami International Airport),t
miami,2026-05-19 00:00:00,83.9,75.5,,open-meteo (Miami International Airport),t
miami,2026-05-20 00:00:00,85.6,75.7,,open-meteo (Miami International Airport),t
miami,2026-05-21 00:00:00,86.9,76.9,,open-meteo (Miami International Airport),t
miami,2026-05-22 00:00:00,85.7,77.7,,open-meteo (Miami International Airport),t
miami,2026-05-23 00:00:00,86.0,78.9,,open-meteo (Miami International Airport),t
miami,2026-05-24 00:00:00,85.7,79.0,,open-meteo (Miami International Airport),t
miami,2026-05-25 00:00:00,86.5,79.1,,open-meteo (Miami International Airport),t
miami,2026-05-26 00:00:00,86.6,78.8,,open-meteo (Miami International Airport),t
miami,2026-05-27 00:00:00,86.4,76.5,,open-meteo (Miami International Airport),t
miami,2026-05-28 00:00:00,84.1,74.9,,open-meteo (Miami International Airport),t
miami,2026-05-29 00:00:00,87.3,73.3,,open-meteo (Miami International Airport),t
miami,2026-05-30 00:00:00,86.3,74.8,,open-meteo (Miami International Airport),t
miami,2026-05-31 00:00:00,91.1,77.6,,open-meteo (Miami International Airport),t
miami,2026-06-01 00:00:00,90.3,76.0,,open-meteo (Miami International Airport),t
miami,2026-06-02 00:00:00,92.6,77.1,,open-meteo (Miami International Airport),t
miami,2026-06-03 00:00:00,81.3,75.2,,open-meteo (Miami International Airport),t
miami,2026-06-04 00:00:00,81.5,71.8,,open-meteo (Miami International Airport),t
miami,2026-06-05 00:00:00,81.5,74.8,,open-meteo (Miami International Airport),t
miami,2026-06-06 00:00:00,85.5,73.7,,open-meteo (Miami International Airport),t
miami,2026-06-07 00:00:00,86.8,75.0,,open-meteo (Miami International Airport),t
miami,2026-06-08 00:00:00,90.0,80.0,,open-meteo (Miami International Airport),t
moscow,2026-03-30 00:00:00,15.6,1.3,,open-meteo (Moscow WMO Station),t
moscow,2026-03-31 00:00:00,15.8,3.6,,open-meteo (Moscow WMO Station),t
moscow,2026-04-01 00:00:00,17.0,4.9,,open-meteo (Moscow WMO Station),t
moscow,2026-04-02 00:00:00,9.4,5.7,,open-meteo (Moscow WMO Station),t
moscow,2026-04-03 00:00:00,14.4,4.0,,open-meteo (Moscow WMO Station),t
moscow,2026-04-04 00:00:00,13.6,2.3,,open-meteo (Moscow WMO Station),t
moscow,2026-04-05 00:00:00,7.5,2.7,,open-meteo (Moscow WMO Station),t
moscow,2026-04-06 00:00:00,8.1,1.1,,open-meteo (Moscow WMO Station),t
moscow,2026-04-07 00:00:00,8.2,0.4,,open-meteo (Moscow WMO Station),t
moscow,2026-04-08 00:00:00,5.9,1.1,,open-meteo (Moscow WMO Station),t
moscow,2026-04-09 00:00:00,3.4,0.6,,open-meteo (Moscow WMO Station),t
moscow,2026-04-10 00:00:00,5.4,0.0,,open-meteo (Moscow WMO Station),t
moscow,2026-04-11 00:00:00,6.2,2.0,,open-meteo (Moscow WMO Station),t
moscow,2026-04-12 00:00:00,10.2,1.5,,open-meteo (Moscow WMO Station),t
moscow,2026-04-13 00:00:00,11.6,1.6,,open-meteo (Moscow WMO Station),t
moscow,2026-04-14 00:00:00,12.9,4.3,,open-meteo (Moscow WMO Station),t
moscow,2026-04-15 00:00:00,13.9,7.2,,open-meteo (Moscow WMO Station),t
moscow,2026-04-16 00:00:00,13.0,7.2,,open-meteo (Moscow WMO Station),t
moscow,2026-04-17 00:00:00,12.2,6.0,,open-meteo (Moscow WMO Station),t
moscow,2026-04-18 00:00:00,10.2,3.8,,open-meteo (Moscow WMO Station),t
moscow,2026-04-19 00:00:00,4.8,1.5,,open-meteo (Moscow WMO Station),t
moscow,2026-04-20 00:00:00,4.8,1.1,,open-meteo (Moscow WMO Station),t
moscow,2026-04-21 00:00:00,8.6,0.8,,open-meteo (Moscow WMO Station),t
moscow,2026-04-22 00:00:00,14.6,0.3,,open-meteo (Moscow WMO Station),t
moscow,2026-04-23 00:00:00,8.6,2.5,,open-meteo (Moscow WMO Station),t
moscow,2026-04-24 00:00:00,4.8,-0.2,,open-meteo (Moscow WMO Station),t
moscow,2026-04-25 00:00:00,10.4,0.4,,open-meteo (Moscow WMO Station),t
moscow,2026-04-26 00:00:00,10.3,1.9,,open-meteo (Moscow WMO Station),t
moscow,2026-04-27 00:00:00,1.8,0.1,,open-meteo (Moscow WMO Station),t
moscow,2026-04-28 00:00:00,1.8,-0.2,,open-meteo (Moscow WMO Station),t
moscow,2026-04-29 00:00:00,4.6,0.2,,open-meteo (Moscow WMO Station),t
moscow,2026-04-30 00:00:00,5.8,-0.9,,open-meteo (Moscow WMO Station),t
moscow,2026-05-01 00:00:00,8.9,1.3,,open-meteo (Moscow WMO Station),t
moscow,2026-05-02 00:00:00,14.9,3.2,,open-meteo (Moscow WMO Station),t
moscow,2026-05-03 00:00:00,20.4,8.7,,open-meteo (Moscow WMO Station),t
moscow,2026-05-04 00:00:00,24.1,10.6,,open-meteo (Moscow WMO Station),t
moscow,2026-05-05 00:00:00,25.4,14.9,,open-meteo (Moscow WMO Station),t
moscow,2026-05-06 00:00:00,25.1,13.1,,open-meteo (Moscow WMO Station),t
moscow,2026-05-07 00:00:00,27.2,13.6,,open-meteo (Moscow WMO Station),t
moscow,2026-05-08 00:00:00,20.5,10.4,,open-meteo (Moscow WMO Station),t
moscow,2026-05-09 00:00:00,13.1,9.1,,open-meteo (Moscow WMO Station),t
moscow,2026-05-10 00:00:00,14.3,8.9,,open-meteo (Moscow WMO Station),t
moscow,2026-05-11 00:00:00,14.9,8.7,,open-meteo (Moscow WMO Station),t
moscow,2026-05-12 00:00:00,16.5,9.6,,open-meteo (Moscow WMO Station),t
moscow,2026-05-13 00:00:00,20.9,11.9,,open-meteo (Moscow WMO Station),t
moscow,2026-05-14 00:00:00,24.0,12.6,,open-meteo (Moscow WMO Station),t
moscow,2026-05-15 00:00:00,23.0,13.7,,open-meteo (Moscow WMO Station),t
moscow,2026-05-16 00:00:00,24.3,15.3,,open-meteo (Moscow WMO Station),t
moscow,2026-05-17 00:00:00,27.9,14.1,,open-meteo (Moscow WMO Station),t
moscow,2026-05-18 00:00:00,30.4,16.8,,open-meteo (Moscow WMO Station),t
moscow,2026-05-19 00:00:00,31.4,18.7,,open-meteo (Moscow WMO Station),t
moscow,2026-05-20 00:00:00,31.6,20.0,,open-meteo (Moscow WMO Station),t
moscow,2026-05-21 00:00:00,31.2,20.0,,open-meteo (Moscow WMO Station),t
moscow,2026-05-22 00:00:00,31.2,20.5,,open-meteo (Moscow WMO Station),t
moscow,2026-05-23 00:00:00,22.3,16.0,,open-meteo (Moscow WMO Station),t
moscow,2026-05-24 00:00:00,22.9,13.6,,open-meteo (Moscow WMO Station),t
moscow,2026-05-25 00:00:00,19.0,12.8,,open-meteo (Moscow WMO Station),t
moscow,2026-05-26 00:00:00,14.0,9.1,,open-meteo (Moscow WMO Station),t
moscow,2026-05-27 00:00:00,13.6,7.8,,open-meteo (Moscow WMO Station),t
moscow,2026-05-28 00:00:00,10.4,5.9,,open-meteo (Moscow WMO Station),t
moscow,2026-05-29 00:00:00,11.1,5.8,,open-meteo (Moscow WMO Station),t
moscow,2026-05-30 00:00:00,14.2,5.7,,open-meteo (Moscow WMO Station),t
moscow,2026-05-31 00:00:00,17.1,7.2,,open-meteo (Moscow WMO Station),t
moscow,2026-06-01 00:00:00,19.1,9.2,,open-meteo (Moscow WMO Station),t
moscow,2026-06-02 00:00:00,18.9,9.8,,open-meteo (Moscow WMO Station),t
moscow,2026-06-03 00:00:00,24.0,11.8,,open-meteo (Moscow WMO Station),t
moscow,2026-06-04 00:00:00,24.9,12.9,,open-meteo (Moscow WMO Station),t
moscow,2026-06-05 00:00:00,25.5,13.6,,open-meteo (Moscow WMO Station),t
moscow,2026-06-06 00:00:00,25.4,13.7,,open-meteo (Moscow WMO Station),t
moscow,2026-06-07 00:00:00,27.6,15.5,,open-meteo (Moscow WMO Station),t
moscow,2026-06-08 00:00:00,26.0,13.0,,open-meteo (Moscow WMO Station),t
new_york,2026-03-30 00:00:00,69.1,43.6,,open-meteo (Central Park ASOS),t
new_york,2026-03-31 00:00:00,78.9,59.5,,open-meteo (Central Park ASOS),t
new_york,2026-04-01 00:00:00,77.4,54.2,,open-meteo (Central Park ASOS),t
new_york,2026-04-02 00:00:00,53.7,42.3,,open-meteo (Central Park ASOS),t
new_york,2026-04-03 00:00:00,69.4,41.4,,open-meteo (Central Park ASOS),t
new_york,2026-04-04 00:00:00,70.1,44.7,,open-meteo (Central Park ASOS),t
new_york,2026-04-05 00:00:00,59.8,43.2,,open-meteo (Central Park ASOS),t
new_york,2026-04-06 00:00:00,54.5,38.8,,open-meteo (Central Park ASOS),t
new_york,2026-04-07 00:00:00,52.3,33.8,,open-meteo (Central Park ASOS),t
new_york,2026-04-08 00:00:00,48.7,29.1,,open-meteo (Central Park ASOS),t
new_york,2026-04-09 00:00:00,49.9,32.4,,open-meteo (Central Park ASOS),t
new_york,2026-04-10 00:00:00,63.4,37.7,,open-meteo (Central Park ASOS),t
new_york,2026-04-11 00:00:00,62.8,49.6,,open-meteo (Central Park ASOS),t
new_york,2026-04-12 00:00:00,55.8,41.3,,open-meteo (Central Park ASOS),t
new_york,2026-04-13 00:00:00,78.7,47.0,,open-meteo (Central Park ASOS),t
new_york,2026-04-14 00:00:00,87.1,60.7,,open-meteo (Central Park ASOS),t
new_york,2026-04-15 00:00:00,89.6,65.5,,open-meteo (Central Park ASOS),t
new_york,2026-04-16 00:00:00,89.9,72.1,,open-meteo (Central Park ASOS),t
new_york,2026-04-17 00:00:00,79.0,63.1,,open-meteo (Central Park ASOS),t
new_york,2026-04-18 00:00:00,68.2,51.2,,open-meteo (Central Park ASOS),t
new_york,2026-04-19 00:00:00,52.7,43.7,,open-meteo (Central Park ASOS),t
new_york,2026-04-20 00:00:00,50.4,37.1,,open-meteo (Central Park ASOS),t
new_york,2026-04-21 00:00:00,52.7,32.0,,open-meteo (Central Park ASOS),t
new_york,2026-04-22 00:00:00,54.1,43.3,,open-meteo (Central Park ASOS),t
new_york,2026-04-23 00:00:00,72.2,44.3,,open-meteo (Central Park ASOS),t
new_york,2026-04-24 00:00:00,69.6,50.0,,open-meteo (Central Park ASOS),t
new_york,2026-04-25 00:00:00,50.2,42.3,,open-meteo (Central Park ASOS),t
new_york,2026-04-26 00:00:00,55.8,41.5,,open-meteo (Central Park ASOS),t
new_york,2026-04-27 00:00:00,66.9,42.3,,open-meteo (Central Park ASOS),t
new_york,2026-04-28 00:00:00,64.4,45.1,,open-meteo (Central Park ASOS),t
new_york,2026-04-29 00:00:00,62.9,49.3,,open-meteo (Central Park ASOS),t
new_york,2026-04-30 00:00:00,59.8,47.8,,open-meteo (Central Park ASOS),t
new_york,2026-05-01 00:00:00,64.9,44.1,,open-meteo (Central Park ASOS),t
new_york,2026-05-02 00:00:00,59.3,48.2,,open-meteo (Central Park ASOS),t
new_york,2026-05-03 00:00:00,57.7,43.5,,open-meteo (Central Park ASOS),t
new_york,2026-05-04 00:00:00,75.5,46.8,,open-meteo (Central Park ASOS),t
new_york,2026-05-05 00:00:00,84.4,58.9,,open-meteo (Central Park ASOS),t
new_york,2026-05-06 00:00:00,72.7,58.5,,open-meteo (Central Park ASOS),t
new_york,2026-05-07 00:00:00,66.4,50.8,,open-meteo (Central Park ASOS),t
new_york,2026-05-08 00:00:00,64.7,46.5,,open-meteo (Central Park ASOS),t
new_york,2026-05-09 00:00:00,65.3,52.4,,open-meteo (Central Park ASOS),t
new_york,2026-05-10 00:00:00,74.8,50.1,,open-meteo (Central Park ASOS),t
new_york,2026-05-11 00:00:00,62.7,52.2,,open-meteo (Central Park ASOS),t
new_york,2026-05-12 00:00:00,68.2,45.3,,open-meteo (Central Park ASOS),t
new_york,2026-05-13 00:00:00,76.5,52.8,,open-meteo (Central Park ASOS),t
new_york,2026-05-14 00:00:00,66.3,55.2,,open-meteo (Central Park ASOS),t
new_york,2026-05-15 00:00:00,66.8,49.4,,open-meteo (Central Park ASOS),t
new_york,2026-05-16 00:00:00,82.9,52.8,,open-meteo (Central Park ASOS),t
new_york,2026-05-17 00:00:00,90.5,67.6,,open-meteo (Central Park ASOS),t
new_york,2026-05-18 00:00:00,90.2,70.3,,open-meteo (Central Park ASOS),t
new_york,2026-05-19 00:00:00,95.7,74.3,,open-meteo (Central Park ASOS),t
new_york,2026-05-20 00:00:00,92.7,71.3,,open-meteo (Central Park ASOS),t
new_york,2026-05-21 00:00:00,69.9,57.3,,open-meteo (Central Park ASOS),t
new_york,2026-05-22 00:00:00,69.1,55.1,,open-meteo (Central Park ASOS),t
new_york,2026-05-23 00:00:00,57.4,50.3,,open-meteo (Central Park ASOS),t
new_york,2026-05-24 00:00:00,59.3,50.5,,open-meteo (Central Park ASOS),t
new_york,2026-05-25 00:00:00,73.6,56.9,,open-meteo (Central Park ASOS),t
new_york,2026-05-26 00:00:00,78.8,58.5,,open-meteo (Central Park ASOS),t
new_york,2026-05-27 00:00:00,81.6,65.8,,open-meteo (Central Park ASOS),t
new_york,2026-05-28 00:00:00,76.5,64.5,,open-meteo (Central Park ASOS),t
new_york,2026-05-29 00:00:00,80.2,57.8,,open-meteo (Central Park ASOS),t
new_york,2026-05-30 00:00:00,69.1,52.3,,open-meteo (Central Park ASOS),t
new_york,2026-05-31 00:00:00,78.0,49.6,,open-meteo (Central Park ASOS),t
new_york,2026-06-01 00:00:00,71.2,56.8,,open-meteo (Central Park ASOS),t
new_york,2026-06-02 00:00:00,77.4,52.1,,open-meteo (Central Park ASOS),t
new_york,2026-06-03 00:00:00,84.7,60.3,,open-meteo (Central Park ASOS),t
new_york,2026-06-04 00:00:00,89.1,62.5,,open-meteo (Central Park ASOS),t
new_york,2026-06-05 00:00:00,92.6,66.0,,open-meteo (Central Park ASOS),t
new_york,2026-06-06 00:00:00,91.8,72.4,,open-meteo (Central Park ASOS),t
new_york,2026-06-07 00:00:00,85.5,68.4,,open-meteo (Central Park ASOS),t
new_york,2026-06-08 00:00:00,74.0,64.0,,open-meteo (Central Park ASOS),t
paris,2026-03-30 00:00:00,12.2,7.6,,open-meteo (Paris-Montsouris Observatory),t
paris,2026-03-31 00:00:00,10.5,5.5,,open-meteo (Paris-Montsouris Observatory),t
paris,2026-04-01 00:00:00,11.4,8.1,,open-meteo (Paris-Montsouris Observatory),t
paris,2026-04-02 00:00:00,13.4,6.9,,open-meteo (Paris-Montsouris Observatory),t
paris,2026-04-03 00:00:00,13.2,3.0,,open-meteo (Paris-Montsouris Observatory),t
paris,2026-04-04 00:00:00,17.6,11.4,,open-meteo (Paris-Montsouris Observatory),t
paris,2026-04-05 00:00:00,15.3,8.9,,open-meteo (Paris-Montsouris Observatory),t
paris,2026-04-06 00:00:00,16.9,4.1,,open-meteo (Paris-Montsouris Observatory),t
paris,2026-04-07 00:00:00,23.1,6.4,,open-meteo (Paris-Montsouris Observatory),t
paris,2026-04-08 00:00:00,24.0,8.1,,open-meteo (Paris-Montsouris Observatory),t
paris,2026-04-09 00:00:00,25.8,8.6,,open-meteo (Paris-Montsouris Observatory),t
paris,2026-04-10 00:00:00,16.9,8.2,,open-meteo (Paris-Montsouris Observatory),t
paris,2026-04-11 00:00:00,16.4,8.1,,open-meteo (Paris-Montsouris Observatory),t
paris,2026-04-12 00:00:00,13.4,5.6,,open-meteo (Paris-Montsouris Observatory),t
paris,2026-04-13 00:00:00,13.1,6.8,,open-meteo (Paris-Montsouris Observatory),t
paris,2026-04-14 00:00:00,17.1,4.1,,open-meteo (Paris-Montsouris Observatory),t
paris,2026-04-15 00:00:00,17.6,6.1,,open-meteo (Paris-Montsouris Observatory),t
paris,2026-04-16 00:00:00,18.5,8.6,,open-meteo (Paris-Montsouris Observatory),t
paris,2026-04-17 00:00:00,21.0,8.1,,open-meteo (Paris-Montsouris Observatory),t
paris,2026-04-18 00:00:00,21.9,10.8,,open-meteo (Paris-Montsouris Observatory),t
paris,2026-04-19 00:00:00,17.8,6.3,,open-meteo (Paris-Montsouris Observatory),t
paris,2026-04-20 00:00:00,15.9,6.3,,open-meteo (Paris-Montsouris Observatory),t
paris,2026-04-21 00:00:00,15.6,5.1,,open-meteo (Paris-Montsouris Observatory),t
paris,2026-04-22 00:00:00,18.8,7.4,,open-meteo (Paris-Montsouris Observatory),t
paris,2026-04-23 00:00:00,22.2,7.7,,open-meteo (Paris-Montsouris Observatory),t
paris,2026-04-24 00:00:00,23.1,8.1,,open-meteo (Paris-Montsouris Observatory),t
paris,2026-04-25 00:00:00,23.9,7.1,,open-meteo (Paris-Montsouris Observatory),t
paris,2026-04-26 00:00:00,22.9,7.8,,open-meteo (Paris-Montsouris Observatory),t
paris,2026-04-27 00:00:00,22.5,8.6,,open-meteo (Paris-Montsouris Observatory),t
paris,2026-04-28 00:00:00,21.0,10.1,,open-meteo (Paris-Montsouris Observatory),t
paris,2026-04-29 00:00:00,24.3,13.1,,open-meteo (Paris-Montsouris Observatory),t
paris,2026-04-30 00:00:00,23.8,12.4,,open-meteo (Paris-Montsouris Observatory),t
paris,2026-05-01 00:00:00,25.5,11.7,,open-meteo (Paris-Montsouris Observatory),t
paris,2026-05-02 00:00:00,25.0,13.0,,open-meteo (Paris-Montsouris Observatory),t
paris,2026-05-03 00:00:00,19.2,14.2,,open-meteo (Paris-Montsouris Observatory),t
paris,2026-05-04 00:00:00,16.5,12.6,,open-meteo (Paris-Montsouris Observatory),t
paris,2026-05-05 00:00:00,15.5,11.9,,open-meteo (Paris-Montsouris Observatory),t
paris,2026-05-06 00:00:00,14.4,9.4,,open-meteo (Paris-Montsouris Observatory),t
paris,2026-05-07 00:00:00,15.9,9.5,,open-meteo (Paris-Montsouris Observatory),t
paris,2026-05-08 00:00:00,19.4,7.5,,open-meteo (Paris-Montsouris Observatory),t
paris,2026-05-09 00:00:00,23.2,9.5,,open-meteo (Paris-Montsouris Observatory),t
paris,2026-05-10 00:00:00,17.2,12.9,,open-meteo (Paris-Montsouris Observatory),t
paris,2026-05-11 00:00:00,13.6,8.9,,open-meteo (Paris-Montsouris Observatory),t
paris,2026-05-12 00:00:00,13.9,5.4,,open-meteo (Paris-Montsouris Observatory),t
paris,2026-05-13 00:00:00,13.6,9.1,,open-meteo (Paris-Montsouris Observatory),t
paris,2026-05-14 00:00:00,12.0,6.8,,open-meteo (Paris-Montsouris Observatory),t
paris,2026-05-15 00:00:00,12.8,4.8,,open-meteo (Paris-Montsouris Observatory),t
paris,2026-05-16 00:00:00,14.4,5.4,,open-meteo (Paris-Montsouris Observatory),t
paris,2026-05-17 00:00:00,15.6,10.2,,open-meteo (Paris-Montsouris Observatory),t
paris,2026-05-18 00:00:00,15.0,8.2,,open-meteo (Paris-Montsouris Observatory),t
paris,2026-05-19 00:00:00,17.2,10.1,,open-meteo (Paris-Montsouris Observatory),t
paris,2026-05-20 00:00:00,19.2,12.7,,open-meteo (Paris-Montsouris Observatory),t
paris,2026-05-21 00:00:00,23.0,11.1,,open-meteo (Paris-Montsouris Observatory),t
paris,2026-05-22 00:00:00,26.9,12.7,,open-meteo (Paris-Montsouris Observatory),t
paris,2026-05-23 00:00:00,29.1,14.9,,open-meteo (Paris-Montsouris Observatory),t
paris,2026-05-24 00:00:00,30.2,17.0,,open-meteo (Paris-Montsouris Observatory),t
paris,2026-05-25 00:00:00,32.1,18.2,,open-meteo (Paris-Montsouris Observatory),t
paris,2026-05-26 00:00:00,32.7,17.5,,open-meteo (Paris-Montsouris Observatory),t
paris,2026-05-27 00:00:00,31.9,18.4,,open-meteo (Paris-Montsouris Observatory),t
paris,2026-05-28 00:00:00,31.5,19.6,,open-meteo (Paris-Montsouris Observatory),t
paris,2026-05-29 00:00:00,32.7,19.8,,open-meteo (Paris-Montsouris Observatory),t
paris,2026-05-30 00:00:00,31.6,20.5,,open-meteo (Paris-Montsouris Observatory),t
paris,2026-05-31 00:00:00,22.9,16.3,,open-meteo (Paris-Montsouris Observatory),t
paris,2026-06-01 00:00:00,24.8,13.6,,open-meteo (Paris-Montsouris Observatory),t
paris,2026-06-02 00:00:00,20.8,14.6,,open-meteo (Paris-Montsouris Observatory),t
paris,2026-06-03 00:00:00,19.5,12.7,,open-meteo (Paris-Montsouris Observatory),t
paris,2026-06-04 00:00:00,18.5,14.4,,open-meteo (Paris-Montsouris Observatory),t
paris,2026-06-05 00:00:00,18.2,11.2,,open-meteo (Paris-Montsouris Observatory),t
paris,2026-06-06 00:00:00,19.9,12.9,,open-meteo (Paris-Montsouris Observatory),t
paris,2026-06-07 00:00:00,21.7,10.6,,open-meteo (Paris-Montsouris Observatory),t
paris,2026-06-08 00:00:00,22.0,13.0,,open-meteo (Paris-Montsouris Observatory),t
qingdao,2026-03-30 00:00:00,17.1,10.3,,open-meteo (Qingdao Meteorological Observatory),t
qingdao,2026-03-31 00:00:00,18.0,6.8,,open-meteo (Qingdao Meteorological Observatory),t
qingdao,2026-04-01 00:00:00,17.5,8.1,,open-meteo (Qingdao Meteorological Observatory),t
qingdao,2026-04-02 00:00:00,15.4,8.4,,open-meteo (Qingdao Meteorological Observatory),t
qingdao,2026-04-03 00:00:00,14.4,10.5,,open-meteo (Qingdao Meteorological Observatory),t
qingdao,2026-04-04 00:00:00,15.2,6.2,,open-meteo (Qingdao Meteorological Observatory),t
qingdao,2026-04-05 00:00:00,19.1,9.5,,open-meteo (Qingdao Meteorological Observatory),t
qingdao,2026-04-06 00:00:00,17.0,8.6,,open-meteo (Qingdao Meteorological Observatory),t
qingdao,2026-04-07 00:00:00,12.4,6.1,,open-meteo (Qingdao Meteorological Observatory),t
qingdao,2026-04-08 00:00:00,12.6,8.7,,open-meteo (Qingdao Meteorological Observatory),t
qingdao,2026-04-09 00:00:00,14.5,10.1,,open-meteo (Qingdao Meteorological Observatory),t
qingdao,2026-04-10 00:00:00,20.5,10.2,,open-meteo (Qingdao Meteorological Observatory),t
qingdao,2026-04-11 00:00:00,20.8,11.0,,open-meteo (Qingdao Meteorological Observatory),t
qingdao,2026-04-12 00:00:00,16.5,10.6,,open-meteo (Qingdao Meteorological Observatory),t
qingdao,2026-04-13 00:00:00,18.9,9.2,,open-meteo (Qingdao Meteorological Observatory),t
qingdao,2026-04-14 00:00:00,17.5,10.1,,open-meteo (Qingdao Meteorological Observatory),t
qingdao,2026-04-15 00:00:00,18.5,11.2,,open-meteo (Qingdao Meteorological Observatory),t
qingdao,2026-04-16 00:00:00,18.4,11.9,,open-meteo (Qingdao Meteorological Observatory),t
qingdao,2026-04-17 00:00:00,17.0,13.1,,open-meteo (Qingdao Meteorological Observatory),t
qingdao,2026-04-18 00:00:00,16.2,12.2,,open-meteo (Qingdao Meteorological Observatory),t
qingdao,2026-04-19 00:00:00,17.4,10.3,,open-meteo (Qingdao Meteorological Observatory),t
qingdao,2026-04-20 00:00:00,17.0,10.2,,open-meteo (Qingdao Meteorological Observatory),t
qingdao,2026-04-21 00:00:00,15.6,9.8,,open-meteo (Qingdao Meteorological Observatory),t
qingdao,2026-04-22 00:00:00,14.5,10.2,,open-meteo (Qingdao Meteorological Observatory),t
qingdao,2026-04-23 00:00:00,21.0,10.1,,open-meteo (Qingdao Meteorological Observatory),t
qingdao,2026-04-24 00:00:00,18.5,11.3,,open-meteo (Qingdao Meteorological Observatory),t
qingdao,2026-04-25 00:00:00,19.2,12.2,,open-meteo (Qingdao Meteorological Observatory),t
qingdao,2026-04-26 00:00:00,18.4,13.1,,open-meteo (Qingdao Meteorological Observatory),t
qingdao,2026-04-27 00:00:00,21.4,12.9,,open-meteo (Qingdao Meteorological Observatory),t
qingdao,2026-04-28 00:00:00,19.2,10.6,,open-meteo (Qingdao Meteorological Observatory),t
qingdao,2026-04-29 00:00:00,20.1,10.8,,open-meteo (Qingdao Meteorological Observatory),t
qingdao,2026-04-30 00:00:00,20.1,10.9,,open-meteo (Qingdao Meteorological Observatory),t
qingdao,2026-05-01 00:00:00,23.0,12.9,,open-meteo (Qingdao Meteorological Observatory),t
qingdao,2026-05-02 00:00:00,17.8,13.8,,open-meteo (Qingdao Meteorological Observatory),t
qingdao,2026-05-03 00:00:00,16.5,11.4,,open-meteo (Qingdao Meteorological Observatory),t
qingdao,2026-05-04 00:00:00,19.9,10.5,,open-meteo (Qingdao Meteorological Observatory),t
qingdao,2026-05-05 00:00:00,18.1,12.8,,open-meteo (Qingdao Meteorological Observatory),t
qingdao,2026-05-06 00:00:00,19.7,15.6,,open-meteo (Qingdao Meteorological Observatory),t
qingdao,2026-05-07 00:00:00,20.8,13.4,,open-meteo (Qingdao Meteorological Observatory),t
qingdao,2026-05-08 00:00:00,25.1,12.3,,open-meteo (Qingdao Meteorological Observatory),t
qingdao,2026-05-09 00:00:00,20.6,15.6,,open-meteo (Qingdao Meteorological Observatory),t
qingdao,2026-05-10 00:00:00,19.9,16.1,,open-meteo (Qingdao Meteorological Observatory),t
qingdao,2026-05-11 00:00:00,23.4,15.8,,open-meteo (Qingdao Meteorological Observatory),t
qingdao,2026-05-12 00:00:00,23.8,14.1,,open-meteo (Qingdao Meteorological Observatory),t
qingdao,2026-05-13 00:00:00,18.0,13.9,,open-meteo (Qingdao Meteorological Observatory),t
qingdao,2026-05-14 00:00:00,17.2,14.7,,open-meteo (Qingdao Meteorological Observatory),t
qingdao,2026-05-15 00:00:00,18.3,15.2,,open-meteo (Qingdao Meteorological Observatory),t
qingdao,2026-05-16 00:00:00,19.7,15.5,,open-meteo (Qingdao Meteorological Observatory),t
qingdao,2026-05-17 00:00:00,20.3,16.6,,open-meteo (Qingdao Meteorological Observatory),t
qingdao,2026-05-18 00:00:00,20.0,17.4,,open-meteo (Qingdao Meteorological Observatory),t
qingdao,2026-05-19 00:00:00,20.2,17.1,,open-meteo (Qingdao Meteorological Observatory),t
qingdao,2026-05-20 00:00:00,21.5,16.0,,open-meteo (Qingdao Meteorological Observatory),t
qingdao,2026-05-21 00:00:00,25.9,15.2,,open-meteo (Qingdao Meteorological Observatory),t
qingdao,2026-05-22 00:00:00,18.5,16.1,,open-meteo (Qingdao Meteorological Observatory),t
qingdao,2026-05-23 00:00:00,20.0,16.4,,open-meteo (Qingdao Meteorological Observatory),t
qingdao,2026-05-24 00:00:00,20.5,17.2,,open-meteo (Qingdao Meteorological Observatory),t
qingdao,2026-05-25 00:00:00,20.0,17.8,,open-meteo (Qingdao Meteorological Observatory),t
qingdao,2026-05-26 00:00:00,23.4,19.0,,open-meteo (Qingdao Meteorological Observatory),t
qingdao,2026-05-27 00:00:00,22.9,19.1,,open-meteo (Qingdao Meteorological Observatory),t
qingdao,2026-05-28 00:00:00,27.6,17.4,,open-meteo (Qingdao Meteorological Observatory),t
qingdao,2026-05-29 00:00:00,28.5,16.8,,open-meteo (Qingdao Meteorological Observatory),t
qingdao,2026-05-30 00:00:00,28.1,18.9,,open-meteo (Qingdao Meteorological Observatory),t
qingdao,2026-05-31 00:00:00,25.2,20.2,,open-meteo (Qingdao Meteorological Observatory),t
qingdao,2026-06-01 00:00:00,24.5,19.2,,open-meteo (Qingdao Meteorological Observatory),t
qingdao,2026-06-02 00:00:00,24.0,18.2,,open-meteo (Qingdao Meteorological Observatory),t
qingdao,2026-06-03 00:00:00,22.3,19.6,,open-meteo (Qingdao Meteorological Observatory),t
qingdao,2026-06-04 00:00:00,26.1,19.1,,open-meteo (Qingdao Meteorological Observatory),t
qingdao,2026-06-05 00:00:00,24.4,16.0,,open-meteo (Qingdao Meteorological Observatory),t
qingdao,2026-06-06 00:00:00,23.2,18.9,,open-meteo (Qingdao Meteorological Observatory),t
qingdao,2026-06-07 00:00:00,23.8,17.4,,open-meteo (Qingdao Meteorological Observatory),t
qingdao,2026-06-08 00:00:00,28.0,15.0,,open-meteo (Qingdao Meteorological Observatory),t
seattle,2026-03-30 00:00:00,47.4,32.4,,open-meteo (Seattle-Tacoma International Airport),t
seattle,2026-03-31 00:00:00,56.6,35.2,,open-meteo (Seattle-Tacoma International Airport),t
seattle,2026-04-01 00:00:00,49.3,41.6,,open-meteo (Seattle-Tacoma International Airport),t
seattle,2026-04-02 00:00:00,53.6,39.1,,open-meteo (Seattle-Tacoma International Airport),t
seattle,2026-04-03 00:00:00,57.1,41.5,,open-meteo (Seattle-Tacoma International Airport),t
seattle,2026-04-04 00:00:00,58.8,40.5,,open-meteo (Seattle-Tacoma International Airport),t
seattle,2026-04-05 00:00:00,61.9,43.2,,open-meteo (Seattle-Tacoma International Airport),t
seattle,2026-04-06 00:00:00,70.3,42.2,,open-meteo (Seattle-Tacoma International Airport),t
seattle,2026-04-07 00:00:00,54.1,42.3,,open-meteo (Seattle-Tacoma International Airport),t
seattle,2026-04-08 00:00:00,57.9,36.8,,open-meteo (Seattle-Tacoma International Airport),t
seattle,2026-04-09 00:00:00,61.6,40.9,,open-meteo (Seattle-Tacoma International Airport),t
seattle,2026-04-10 00:00:00,67.7,40.2,,open-meteo (Seattle-Tacoma International Airport),t
seattle,2026-04-11 00:00:00,55.3,47.6,,open-meteo (Seattle-Tacoma International Airport),t
seattle,2026-04-12 00:00:00,58.7,46.4,,open-meteo (Seattle-Tacoma International Airport),t
seattle,2026-04-13 00:00:00,54.7,44.6,,open-meteo (Seattle-Tacoma International Airport),t
seattle,2026-04-14 00:00:00,46.7,44.1,,open-meteo (Seattle-Tacoma International Airport),t
seattle,2026-04-15 00:00:00,48.4,36.8,,open-meteo (Seattle-Tacoma International Airport),t
seattle,2026-04-16 00:00:00,54.5,32.7,,open-meteo (Seattle-Tacoma International Airport),t
seattle,2026-04-17 00:00:00,53.4,38.1,,open-meteo (Seattle-Tacoma International Airport),t
seattle,2026-04-18 00:00:00,67.8,39.5,,open-meteo (Seattle-Tacoma International Airport),t
seattle,2026-04-19 00:00:00,67.6,44.4,,open-meteo (Seattle-Tacoma International Airport),t
seattle,2026-04-20 00:00:00,69.8,50.8,,open-meteo (Seattle-Tacoma International Airport),t
seattle,2026-04-21 00:00:00,59.5,49.2,,open-meteo (Seattle-Tacoma International Airport),t
seattle,2026-04-22 00:00:00,55.8,48.6,,open-meteo (Seattle-Tacoma International Airport),t
seattle,2026-04-23 00:00:00,57.2,44.7,,open-meteo (Seattle-Tacoma International Airport),t
seattle,2026-04-24 00:00:00,59.2,42.1,,open-meteo (Seattle-Tacoma International Airport),t
seattle,2026-04-25 00:00:00,61.7,38.0,,open-meteo (Seattle-Tacoma International Airport),t
seattle,2026-04-26 00:00:00,65.9,40.2,,open-meteo (Seattle-Tacoma International Airport),t
seattle,2026-04-27 00:00:00,56.4,45.4,,open-meteo (Seattle-Tacoma International Airport),t
seattle,2026-04-28 00:00:00,56.0,46.3,,open-meteo (Seattle-Tacoma International Airport),t
seattle,2026-04-29 00:00:00,62.2,45.4,,open-meteo (Seattle-Tacoma International Airport),t
seattle,2026-04-30 00:00:00,70.0,46.0,,open-meteo (Seattle-Tacoma International Airport),t
seattle,2026-05-01 00:00:00,69.4,47.7,,open-meteo (Seattle-Tacoma International Airport),t
seattle,2026-05-02 00:00:00,69.5,46.8,,open-meteo (Seattle-Tacoma International Airport),t
seattle,2026-05-03 00:00:00,76.3,55.0,,open-meteo (Seattle-Tacoma International Airport),t
seattle,2026-05-04 00:00:00,78.2,52.5,,open-meteo (Seattle-Tacoma International Airport),t
seattle,2026-05-05 00:00:00,69.6,51.8,,open-meteo (Seattle-Tacoma International Airport),t
seattle,2026-05-06 00:00:00,63.0,50.2,,open-meteo (Seattle-Tacoma International Airport),t
seattle,2026-05-07 00:00:00,64.8,47.8,,open-meteo (Seattle-Tacoma International Airport),t
seattle,2026-05-08 00:00:00,63.9,48.2,,open-meteo (Seattle-Tacoma International Airport),t
seattle,2026-05-09 00:00:00,68.0,48.7,,open-meteo (Seattle-Tacoma International Airport),t
seattle,2026-05-10 00:00:00,69.2,48.7,,open-meteo (Seattle-Tacoma International Airport),t
seattle,2026-05-11 00:00:00,70.2,52.6,,open-meteo (Seattle-Tacoma International Airport),t
seattle,2026-05-12 00:00:00,83.5,49.7,,open-meteo (Seattle-Tacoma International Airport),t
seattle,2026-05-13 00:00:00,61.4,51.3,,open-meteo (Seattle-Tacoma International Airport),t
seattle,2026-05-14 00:00:00,59.5,49.5,,open-meteo (Seattle-Tacoma International Airport),t
seattle,2026-05-15 00:00:00,51.2,45.0,,open-meteo (Seattle-Tacoma International Airport),t
seattle,2026-05-16 00:00:00,55.3,42.7,,open-meteo (Seattle-Tacoma International Airport),t
seattle,2026-05-17 00:00:00,60.1,40.9,,open-meteo (Seattle-Tacoma International Airport),t
seattle,2026-05-18 00:00:00,65.5,45.7,,open-meteo (Seattle-Tacoma International Airport),t
seattle,2026-05-19 00:00:00,63.3,48.7,,open-meteo (Seattle-Tacoma International Airport),t
seattle,2026-05-20 00:00:00,65.0,48.9,,open-meteo (Seattle-Tacoma International Airport),t
seattle,2026-05-21 00:00:00,72.8,51.1,,open-meteo (Seattle-Tacoma International Airport),t
seattle,2026-05-22 00:00:00,77.4,51.8,,open-meteo (Seattle-Tacoma International Airport),t
seattle,2026-05-23 00:00:00,68.6,52.0,,open-meteo (Seattle-Tacoma International Airport),t
seattle,2026-05-24 00:00:00,71.6,48.9,,open-meteo (Seattle-Tacoma International Airport),t
seattle,2026-05-25 00:00:00,62.2,51.0,,open-meteo (Seattle-Tacoma International Airport),t
seattle,2026-05-26 00:00:00,60.8,47.0,,open-meteo (Seattle-Tacoma International Airport),t
seattle,2026-05-27 00:00:00,71.2,49.3,,open-meteo (Seattle-Tacoma International Airport),t
seattle,2026-05-28 00:00:00,83.5,55.2,,open-meteo (Seattle-Tacoma International Airport),t
seattle,2026-05-29 00:00:00,58.4,50.6,,open-meteo (Seattle-Tacoma International Airport),t
seattle,2026-05-30 00:00:00,61.5,47.2,,open-meteo (Seattle-Tacoma International Airport),t
seattle,2026-05-31 00:00:00,65.2,45.3,,open-meteo (Seattle-Tacoma International Airport),t
seattle,2026-06-01 00:00:00,73.6,51.8,,open-meteo (Seattle-Tacoma International Airport),t
seattle,2026-06-02 00:00:00,84.6,53.7,,open-meteo (Seattle-Tacoma International Airport),t
seattle,2026-06-03 00:00:00,71.6,58.3,,open-meteo (Seattle-Tacoma International Airport),t
seattle,2026-06-04 00:00:00,68.7,53.2,,open-meteo (Seattle-Tacoma International Airport),t
seattle,2026-06-05 00:00:00,61.7,52.2,,open-meteo (Seattle-Tacoma International Airport),t
seattle,2026-06-06 00:00:00,59.9,46.9,,open-meteo (Seattle-Tacoma International Airport),t
seattle,2026-06-07 00:00:00,63.1,45.7,,open-meteo (Seattle-Tacoma International Airport),t
seattle,2026-06-08 00:00:00,61.0,50.0,,open-meteo (Seattle-Tacoma International Airport),t
shanghai,2026-03-30 00:00:00,22.0,14.0,,open-meteo (Shanghai Meteorological Bureau (Xujiahui)),t
shanghai,2026-03-31 00:00:00,17.4,10.7,,open-meteo (Shanghai Meteorological Bureau (Xujiahui)),t
shanghai,2026-04-01 00:00:00,18.5,10.4,,open-meteo (Shanghai Meteorological Bureau (Xujiahui)),t
shanghai,2026-04-02 00:00:00,22.1,11.6,,open-meteo (Shanghai Meteorological Bureau (Xujiahui)),t
shanghai,2026-04-03 00:00:00,15.9,14.6,,open-meteo (Shanghai Meteorological Bureau (Xujiahui)),t
shanghai,2026-04-04 00:00:00,21.1,12.6,,open-meteo (Shanghai Meteorological Bureau (Xujiahui)),t
shanghai,2026-04-05 00:00:00,24.1,12.3,,open-meteo (Shanghai Meteorological Bureau (Xujiahui)),t
shanghai,2026-04-06 00:00:00,26.8,13.3,,open-meteo (Shanghai Meteorological Bureau (Xujiahui)),t
shanghai,2026-04-07 00:00:00,17.0,11.4,,open-meteo (Shanghai Meteorological Bureau (Xujiahui)),t
shanghai,2026-04-08 00:00:00,17.2,9.7,,open-meteo (Shanghai Meteorological Bureau (Xujiahui)),t
shanghai,2026-04-09 00:00:00,27.8,16.2,,open-meteo (Shanghai Meteorological Bureau (Xujiahui)),t
shanghai,2026-04-10 00:00:00,24.3,15.7,,open-meteo (Shanghai Meteorological Bureau (Xujiahui)),t
shanghai,2026-04-11 00:00:00,19.0,12.9,,open-meteo (Shanghai Meteorological Bureau (Xujiahui)),t
shanghai,2026-04-12 00:00:00,15.8,12.7,,open-meteo (Shanghai Meteorological Bureau (Xujiahui)),t
shanghai,2026-04-13 00:00:00,19.5,14.6,,open-meteo (Shanghai Meteorological Bureau (Xujiahui)),t
shanghai,2026-04-14 00:00:00,18.5,14.4,,open-meteo (Shanghai Meteorological Bureau (Xujiahui)),t
shanghai,2026-04-15 00:00:00,20.2,13.9,,open-meteo (Shanghai Meteorological Bureau (Xujiahui)),t
shanghai,2026-04-16 00:00:00,20.7,14.3,,open-meteo (Shanghai Meteorological Bureau (Xujiahui)),t
shanghai,2026-04-17 00:00:00,20.9,14.6,,open-meteo (Shanghai Meteorological Bureau (Xujiahui)),t
shanghai,2026-04-18 00:00:00,20.5,14.1,,open-meteo (Shanghai Meteorological Bureau (Xujiahui)),t
shanghai,2026-04-19 00:00:00,22.0,12.4,,open-meteo (Shanghai Meteorological Bureau (Xujiahui)),t
shanghai,2026-04-20 00:00:00,21.6,12.6,,open-meteo (Shanghai Meteorological Bureau (Xujiahui)),t
shanghai,2026-04-21 00:00:00,15.8,12.2,,open-meteo (Shanghai Meteorological Bureau (Xujiahui)),t
shanghai,2026-04-22 00:00:00,19.8,13.7,,open-meteo (Shanghai Meteorological Bureau (Xujiahui)),t
shanghai,2026-04-23 00:00:00,14.9,12.7,,open-meteo (Shanghai Meteorological Bureau (Xujiahui)),t
shanghai,2026-04-24 00:00:00,20.5,11.5,,open-meteo (Shanghai Meteorological Bureau (Xujiahui)),t
shanghai,2026-04-25 00:00:00,21.7,12.4,,open-meteo (Shanghai Meteorological Bureau (Xujiahui)),t
shanghai,2026-04-26 00:00:00,24.4,13.4,,open-meteo (Shanghai Meteorological Bureau (Xujiahui)),t
shanghai,2026-04-27 00:00:00,27.8,15.5,,open-meteo (Shanghai Meteorological Bureau (Xujiahui)),t
shanghai,2026-04-28 00:00:00,21.6,12.5,,open-meteo (Shanghai Meteorological Bureau (Xujiahui)),t
shanghai,2026-04-29 00:00:00,12.2,10.3,,open-meteo (Shanghai Meteorological Bureau (Xujiahui)),t
shanghai,2026-04-30 00:00:00,18.4,9.1,,open-meteo (Shanghai Meteorological Bureau (Xujiahui)),t
shanghai,2026-05-01 00:00:00,23.1,11.6,,open-meteo (Shanghai Meteorological Bureau (Xujiahui)),t
shanghai,2026-05-02 00:00:00,23.6,15.1,,open-meteo (Shanghai Meteorological Bureau (Xujiahui)),t
shanghai,2026-05-03 00:00:00,20.7,14.9,,open-meteo (Shanghai Meteorological Bureau (Xujiahui)),t
shanghai,2026-05-04 00:00:00,23.8,13.9,,open-meteo (Shanghai Meteorological Bureau (Xujiahui)),t
shanghai,2026-05-05 00:00:00,25.5,15.8,,open-meteo (Shanghai Meteorological Bureau (Xujiahui)),t
shanghai,2026-05-06 00:00:00,24.5,16.5,,open-meteo (Shanghai Meteorological Bureau (Xujiahui)),t
shanghai,2026-05-07 00:00:00,28.6,16.5,,open-meteo (Shanghai Meteorological Bureau (Xujiahui)),t
shanghai,2026-05-08 00:00:00,19.3,15.3,,open-meteo (Shanghai Meteorological Bureau (Xujiahui)),t
shanghai,2026-05-09 00:00:00,23.5,13.2,,open-meteo (Shanghai Meteorological Bureau (Xujiahui)),t
shanghai,2026-05-10 00:00:00,24.6,14.1,,open-meteo (Shanghai Meteorological Bureau (Xujiahui)),t
shanghai,2026-05-11 00:00:00,31.5,18.3,,open-meteo (Shanghai Meteorological Bureau (Xujiahui)),t
shanghai,2026-05-12 00:00:00,31.6,19.2,,open-meteo (Shanghai Meteorological Bureau (Xujiahui)),t
shanghai,2026-05-13 00:00:00,29.5,19.6,,open-meteo (Shanghai Meteorological Bureau (Xujiahui)),t
shanghai,2026-05-14 00:00:00,28.0,20.5,,open-meteo (Shanghai Meteorological Bureau (Xujiahui)),t
shanghai,2026-05-15 00:00:00,27.6,19.6,,open-meteo (Shanghai Meteorological Bureau (Xujiahui)),t
shanghai,2026-05-16 00:00:00,28.3,19.0,,open-meteo (Shanghai Meteorological Bureau (Xujiahui)),t
shanghai,2026-05-17 00:00:00,28.4,19.5,,open-meteo (Shanghai Meteorological Bureau (Xujiahui)),t
shanghai,2026-05-18 00:00:00,28.1,20.5,,open-meteo (Shanghai Meteorological Bureau (Xujiahui)),t
shanghai,2026-05-19 00:00:00,28.9,21.8,,open-meteo (Shanghai Meteorological Bureau (Xujiahui)),t
shanghai,2026-05-20 00:00:00,28.7,22.5,,open-meteo (Shanghai Meteorological Bureau (Xujiahui)),t
shanghai,2026-05-21 00:00:00,26.5,18.9,,open-meteo (Shanghai Meteorological Bureau (Xujiahui)),t
shanghai,2026-05-22 00:00:00,26.6,17.3,,open-meteo (Shanghai Meteorological Bureau (Xujiahui)),t
shanghai,2026-05-23 00:00:00,31.0,21.1,,open-meteo (Shanghai Meteorological Bureau (Xujiahui)),t
shanghai,2026-05-24 00:00:00,27.5,22.3,,open-meteo (Shanghai Meteorological Bureau (Xujiahui)),t
shanghai,2026-05-25 00:00:00,31.3,22.5,,open-meteo (Shanghai Meteorological Bureau (Xujiahui)),t
shanghai,2026-05-26 00:00:00,30.0,25.0,,open-meteo (Shanghai Meteorological Bureau (Xujiahui)),t
shanghai,2026-05-27 00:00:00,28.0,23.5,,open-meteo (Shanghai Meteorological Bureau (Xujiahui)),t
shanghai,2026-05-28 00:00:00,27.7,22.2,,open-meteo (Shanghai Meteorological Bureau (Xujiahui)),t
shanghai,2026-05-29 00:00:00,26.4,19.8,,open-meteo (Shanghai Meteorological Bureau (Xujiahui)),t
shanghai,2026-05-30 00:00:00,28.2,18.0,,open-meteo (Shanghai Meteorological Bureau (Xujiahui)),t
shanghai,2026-05-31 00:00:00,30.0,18.0,,open-meteo (Shanghai Meteorological Bureau (Xujiahui)),t
shanghai,2026-06-01 00:00:00,33.2,19.5,,open-meteo (Shanghai Meteorological Bureau (Xujiahui)),t
shanghai,2026-06-02 00:00:00,34.0,23.0,,open-meteo (Shanghai Meteorological Bureau (Xujiahui)),t
shanghai,2026-06-03 00:00:00,33.3,24.0,,open-meteo (Shanghai Meteorological Bureau (Xujiahui)),t
shanghai,2026-06-04 00:00:00,29.0,24.0,,open-meteo (Shanghai Meteorological Bureau (Xujiahui)),t
shanghai,2026-06-05 00:00:00,26.6,21.0,,open-meteo (Shanghai Meteorological Bureau (Xujiahui)),t
shanghai,2026-06-06 00:00:00,27.0,19.2,,open-meteo (Shanghai Meteorological Bureau (Xujiahui)),t
shanghai,2026-06-07 00:00:00,28.6,20.2,,open-meteo (Shanghai Meteorological Bureau (Xujiahui)),t
shanghai,2026-06-08 00:00:00,23.0,20.0,,open-meteo (Shanghai Meteorological Bureau (Xujiahui)),t
shenzhen,2026-03-30 00:00:00,28.4,21.8,,open-meteo (Shenzhen National Reference Climate Station),t
shenzhen,2026-03-31 00:00:00,27.9,21.6,,open-meteo (Shenzhen National Reference Climate Station),t
shenzhen,2026-04-01 00:00:00,29.0,18.7,,open-meteo (Shenzhen National Reference Climate Station),t
shenzhen,2026-04-02 00:00:00,24.6,21.6,,open-meteo (Shenzhen National Reference Climate Station),t
shenzhen,2026-04-03 00:00:00,28.1,21.8,,open-meteo (Shenzhen National Reference Climate Station),t
shenzhen,2026-04-04 00:00:00,26.2,21.1,,open-meteo (Shenzhen National Reference Climate Station),t
shenzhen,2026-04-05 00:00:00,26.9,21.0,,open-meteo (Shenzhen National Reference Climate Station),t
shenzhen,2026-04-06 00:00:00,28.0,23.2,,open-meteo (Shenzhen National Reference Climate Station),t
shenzhen,2026-04-07 00:00:00,29.9,24.4,,open-meteo (Shenzhen National Reference Climate Station),t
shenzhen,2026-04-08 00:00:00,25.2,21.5,,open-meteo (Shenzhen National Reference Climate Station),t
shenzhen,2026-04-09 00:00:00,27.7,22.5,,open-meteo (Shenzhen National Reference Climate Station),t
shenzhen,2026-04-10 00:00:00,28.7,23.1,,open-meteo (Shenzhen National Reference Climate Station),t
shenzhen,2026-04-11 00:00:00,28.5,23.2,,open-meteo (Shenzhen National Reference Climate Station),t
shenzhen,2026-04-12 00:00:00,29.5,23.9,,open-meteo (Shenzhen National Reference Climate Station),t
shenzhen,2026-04-13 00:00:00,30.2,23.4,,open-meteo (Shenzhen National Reference Climate Station),t
shenzhen,2026-04-14 00:00:00,30.9,23.7,,open-meteo (Shenzhen National Reference Climate Station),t
shenzhen,2026-04-15 00:00:00,30.4,23.9,,open-meteo (Shenzhen National Reference Climate Station),t
shenzhen,2026-04-16 00:00:00,30.3,23.1,,open-meteo (Shenzhen National Reference Climate Station),t
shenzhen,2026-04-17 00:00:00,27.9,22.2,,open-meteo (Shenzhen National Reference Climate Station),t
shenzhen,2026-04-18 00:00:00,29.2,20.8,,open-meteo (Shenzhen National Reference Climate Station),t
shenzhen,2026-04-19 00:00:00,30.6,21.5,,open-meteo (Shenzhen National Reference Climate Station),t
shenzhen,2026-04-20 00:00:00,29.8,22.2,,open-meteo (Shenzhen National Reference Climate Station),t
shenzhen,2026-04-21 00:00:00,29.2,21.4,,open-meteo (Shenzhen National Reference Climate Station),t
shenzhen,2026-04-22 00:00:00,29.5,23.5,,open-meteo (Shenzhen National Reference Climate Station),t
shenzhen,2026-04-23 00:00:00,28.5,19.4,,open-meteo (Shenzhen National Reference Climate Station),t
shenzhen,2026-04-24 00:00:00,19.6,17.5,,open-meteo (Shenzhen National Reference Climate Station),t
shenzhen,2026-04-25 00:00:00,27.0,17.0,,open-meteo (Shenzhen National Reference Climate Station),t
shenzhen,2026-04-26 00:00:00,29.4,19.4,,open-meteo (Shenzhen National Reference Climate Station),t
shenzhen,2026-04-27 00:00:00,28.5,20.6,,open-meteo (Shenzhen National Reference Climate Station),t
shenzhen,2026-04-28 00:00:00,28.9,22.2,,open-meteo (Shenzhen National Reference Climate Station),t
shenzhen,2026-04-29 00:00:00,27.5,19.5,,open-meteo (Shenzhen National Reference Climate Station),t
shenzhen,2026-04-30 00:00:00,23.6,17.5,,open-meteo (Shenzhen National Reference Climate Station),t
shenzhen,2026-05-01 00:00:00,26.2,18.4,,open-meteo (Shenzhen National Reference Climate Station),t
shenzhen,2026-05-02 00:00:00,28.2,21.6,,open-meteo (Shenzhen National Reference Climate Station),t
shenzhen,2026-05-03 00:00:00,27.2,20.6,,open-meteo (Shenzhen National Reference Climate Station),t
shenzhen,2026-05-04 00:00:00,27.0,20.2,,open-meteo (Shenzhen National Reference Climate Station),t
shenzhen,2026-05-05 00:00:00,23.6,18.8,,open-meteo (Shenzhen National Reference Climate Station),t
shenzhen,2026-05-06 00:00:00,26.3,19.8,,open-meteo (Shenzhen National Reference Climate Station),t
shenzhen,2026-05-07 00:00:00,29.6,21.2,,open-meteo (Shenzhen National Reference Climate Station),t
shenzhen,2026-05-08 00:00:00,29.4,22.7,,open-meteo (Shenzhen National Reference Climate Station),t
shenzhen,2026-05-09 00:00:00,25.6,21.7,,open-meteo (Shenzhen National Reference Climate Station),t
shenzhen,2026-05-10 00:00:00,26.3,20.9,,open-meteo (Shenzhen National Reference Climate Station),t
shenzhen,2026-05-11 00:00:00,28.5,20.7,,open-meteo (Shenzhen National Reference Climate Station),t
shenzhen,2026-05-12 00:00:00,30.0,23.4,,open-meteo (Shenzhen National Reference Climate Station),t
shenzhen,2026-05-13 00:00:00,30.2,24.4,,open-meteo (Shenzhen National Reference Climate Station),t
shenzhen,2026-05-14 00:00:00,28.9,24.7,,open-meteo (Shenzhen National Reference Climate Station),t
shenzhen,2026-05-15 00:00:00,30.1,23.5,,open-meteo (Shenzhen National Reference Climate Station),t
shenzhen,2026-05-16 00:00:00,27.4,22.6,,open-meteo (Shenzhen National Reference Climate Station),t
shenzhen,2026-05-17 00:00:00,26.0,22.4,,open-meteo (Shenzhen National Reference Climate Station),t
shenzhen,2026-05-18 00:00:00,28.2,23.7,,open-meteo (Shenzhen National Reference Climate Station),t
shenzhen,2026-05-19 00:00:00,27.8,23.8,,open-meteo (Shenzhen National Reference Climate Station),t
shenzhen,2026-05-20 00:00:00,29.6,24.0,,open-meteo (Shenzhen National Reference Climate Station),t
shenzhen,2026-05-21 00:00:00,29.6,23.9,,open-meteo (Shenzhen National Reference Climate Station),t
shenzhen,2026-05-22 00:00:00,30.9,24.5,,open-meteo (Shenzhen National Reference Climate Station),t
shenzhen,2026-05-23 00:00:00,30.5,25.6,,open-meteo (Shenzhen National Reference Climate Station),t
shenzhen,2026-05-24 00:00:00,31.4,26.5,,open-meteo (Shenzhen National Reference Climate Station),t
shenzhen,2026-05-25 00:00:00,31.4,26.9,,open-meteo (Shenzhen National Reference Climate Station),t
shenzhen,2026-05-26 00:00:00,31.9,26.5,,open-meteo (Shenzhen National Reference Climate Station),t
shenzhen,2026-05-27 00:00:00,32.8,26.9,,open-meteo (Shenzhen National Reference Climate Station),t
shenzhen,2026-05-28 00:00:00,33.3,27.0,,open-meteo (Shenzhen National Reference Climate Station),t
shenzhen,2026-05-29 00:00:00,33.0,23.9,,open-meteo (Shenzhen National Reference Climate Station),t
shenzhen,2026-05-30 00:00:00,32.5,24.6,,open-meteo (Shenzhen National Reference Climate Station),t
shenzhen,2026-05-31 00:00:00,31.5,24.7,,open-meteo (Shenzhen National Reference Climate Station),t
shenzhen,2026-06-01 00:00:00,32.0,24.8,,open-meteo (Shenzhen National Reference Climate Station),t
shenzhen,2026-06-02 00:00:00,32.2,26.2,,open-meteo (Shenzhen National Reference Climate Station),t
shenzhen,2026-06-03 00:00:00,33.5,26.6,,open-meteo (Shenzhen National Reference Climate Station),t
shenzhen,2026-06-04 00:00:00,33.7,27.0,,open-meteo (Shenzhen National Reference Climate Station),t
shenzhen,2026-06-05 00:00:00,33.8,25.9,,open-meteo (Shenzhen National Reference Climate Station),t
shenzhen,2026-06-06 00:00:00,33.4,25.2,,open-meteo (Shenzhen National Reference Climate Station),t
shenzhen,2026-06-07 00:00:00,31.0,23.9,,open-meteo (Shenzhen National Reference Climate Station),t
shenzhen,2026-06-08 00:00:00,28.5,25.1,,open-meteo (Shenzhen National Reference Climate Station),t
singapore,2026-03-30 00:00:00,32.0,25.2,,open-meteo (Singapore Changi Airport),t
singapore,2026-03-31 00:00:00,30.4,26.0,,open-meteo (Singapore Changi Airport),t
singapore,2026-04-01 00:00:00,32.4,26.0,,open-meteo (Singapore Changi Airport),t
singapore,2026-04-02 00:00:00,32.2,24.8,,open-meteo (Singapore Changi Airport),t
singapore,2026-04-03 00:00:00,33.4,26.3,,open-meteo (Singapore Changi Airport),t
singapore,2026-04-04 00:00:00,32.1,25.4,,open-meteo (Singapore Changi Airport),t
singapore,2026-04-05 00:00:00,31.8,25.6,,open-meteo (Singapore Changi Airport),t
singapore,2026-04-06 00:00:00,31.9,25.6,,open-meteo (Singapore Changi Airport),t
singapore,2026-04-07 00:00:00,28.9,26.1,,open-meteo (Singapore Changi Airport),t
singapore,2026-04-08 00:00:00,31.0,25.0,,open-meteo (Singapore Changi Airport),t
singapore,2026-04-09 00:00:00,30.3,25.4,,open-meteo (Singapore Changi Airport),t
singapore,2026-04-10 00:00:00,30.9,24.8,,open-meteo (Singapore Changi Airport),t
singapore,2026-04-11 00:00:00,30.9,24.8,,open-meteo (Singapore Changi Airport),t
singapore,2026-04-12 00:00:00,29.9,24.9,,open-meteo (Singapore Changi Airport),t
singapore,2026-04-13 00:00:00,31.2,27.6,,open-meteo (Singapore Changi Airport),t
singapore,2026-04-14 00:00:00,31.7,27.0,,open-meteo (Singapore Changi Airport),t
singapore,2026-04-15 00:00:00,29.9,24.9,,open-meteo (Singapore Changi Airport),t
singapore,2026-04-16 00:00:00,31.6,25.7,,open-meteo (Singapore Changi Airport),t
singapore,2026-04-17 00:00:00,31.1,27.1,,open-meteo (Singapore Changi Airport),t
singapore,2026-04-18 00:00:00,32.3,26.0,,open-meteo (Singapore Changi Airport),t
singapore,2026-04-19 00:00:00,32.6,26.2,,open-meteo (Singapore Changi Airport),t
singapore,2026-04-20 00:00:00,32.2,25.4,,open-meteo (Singapore Changi Airport),t
singapore,2026-04-21 00:00:00,31.3,24.8,,open-meteo (Singapore Changi Airport),t
singapore,2026-04-22 00:00:00,31.7,24.9,,open-meteo (Singapore Changi Airport),t
singapore,2026-04-23 00:00:00,31.1,25.8,,open-meteo (Singapore Changi Airport),t
singapore,2026-04-24 00:00:00,30.5,27.3,,open-meteo (Singapore Changi Airport),t
singapore,2026-04-25 00:00:00,32.2,26.6,,open-meteo (Singapore Changi Airport),t
singapore,2026-04-26 00:00:00,29.7,25.6,,open-meteo (Singapore Changi Airport),t
singapore,2026-04-27 00:00:00,30.3,25.2,,open-meteo (Singapore Changi Airport),t
singapore,2026-04-28 00:00:00,31.3,25.2,,open-meteo (Singapore Changi Airport),t
singapore,2026-04-29 00:00:00,32.4,26.1,,open-meteo (Singapore Changi Airport),t
singapore,2026-04-30 00:00:00,31.2,25.9,,open-meteo (Singapore Changi Airport),t
singapore,2026-05-01 00:00:00,30.6,24.8,,open-meteo (Singapore Changi Airport),t
singapore,2026-05-02 00:00:00,31.9,25.1,,open-meteo (Singapore Changi Airport),t
singapore,2026-05-03 00:00:00,32.0,25.7,,open-meteo (Singapore Changi Airport),t
singapore,2026-05-04 00:00:00,30.7,25.5,,open-meteo (Singapore Changi Airport),t
singapore,2026-05-05 00:00:00,30.9,25.4,,open-meteo (Singapore Changi Airport),t
singapore,2026-05-06 00:00:00,30.4,26.1,,open-meteo (Singapore Changi Airport),t
singapore,2026-05-07 00:00:00,29.9,26.0,,open-meteo (Singapore Changi Airport),t
singapore,2026-05-08 00:00:00,28.7,25.6,,open-meteo (Singapore Changi Airport),t
singapore,2026-05-09 00:00:00,29.7,25.2,,open-meteo (Singapore Changi Airport),t
singapore,2026-05-10 00:00:00,31.3,26.0,,open-meteo (Singapore Changi Airport),t
singapore,2026-05-11 00:00:00,31.3,26.2,,open-meteo (Singapore Changi Airport),t
singapore,2026-05-12 00:00:00,31.4,25.6,,open-meteo (Singapore Changi Airport),t
singapore,2026-05-13 00:00:00,30.4,25.5,,open-meteo (Singapore Changi Airport),t
singapore,2026-05-14 00:00:00,31.5,26.3,,open-meteo (Singapore Changi Airport),t
singapore,2026-05-15 00:00:00,28.7,24.4,,open-meteo (Singapore Changi Airport),t
singapore,2026-05-16 00:00:00,26.4,24.1,,open-meteo (Singapore Changi Airport),t
singapore,2026-05-17 00:00:00,30.8,25.0,,open-meteo (Singapore Changi Airport),t
singapore,2026-05-18 00:00:00,30.0,24.7,,open-meteo (Singapore Changi Airport),t
singapore,2026-05-19 00:00:00,31.3,25.5,,open-meteo (Singapore Changi Airport),t
singapore,2026-05-20 00:00:00,32.0,26.2,,open-meteo (Singapore Changi Airport),t
singapore,2026-05-21 00:00:00,31.2,24.5,,open-meteo (Singapore Changi Airport),t
singapore,2026-05-22 00:00:00,31.2,25.4,,open-meteo (Singapore Changi Airport),t
singapore,2026-05-23 00:00:00,30.5,26.6,,open-meteo (Singapore Changi Airport),t
singapore,2026-05-24 00:00:00,30.4,25.7,,open-meteo (Singapore Changi Airport),t
singapore,2026-05-25 00:00:00,29.3,25.1,,open-meteo (Singapore Changi Airport),t
singapore,2026-05-26 00:00:00,31.7,26.5,,open-meteo (Singapore Changi Airport),t
singapore,2026-05-27 00:00:00,32.0,26.2,,open-meteo (Singapore Changi Airport),t
singapore,2026-05-28 00:00:00,31.5,26.0,,open-meteo (Singapore Changi Airport),t
singapore,2026-05-29 00:00:00,29.9,25.0,,open-meteo (Singapore Changi Airport),t
singapore,2026-05-30 00:00:00,31.7,25.7,,open-meteo (Singapore Changi Airport),t
singapore,2026-05-31 00:00:00,31.5,27.7,,open-meteo (Singapore Changi Airport),t
singapore,2026-06-01 00:00:00,30.8,27.0,,open-meteo (Singapore Changi Airport),t
singapore,2026-06-02 00:00:00,32.5,27.9,,open-meteo (Singapore Changi Airport),t
singapore,2026-06-03 00:00:00,32.6,27.2,,open-meteo (Singapore Changi Airport),t
singapore,2026-06-04 00:00:00,32.9,27.4,,open-meteo (Singapore Changi Airport),t
singapore,2026-06-05 00:00:00,33.5,26.5,,open-meteo (Singapore Changi Airport),t
singapore,2026-06-06 00:00:00,33.8,28.9,,open-meteo (Singapore Changi Airport),t
singapore,2026-06-07 00:00:00,31.7,25.6,,open-meteo (Singapore Changi Airport),t
singapore,2026-06-08 00:00:00,33.0,24.0,,open-meteo (Singapore Changi Airport),t
taipei,2026-03-30 00:00:00,29.3,17.6,,open-meteo (Taipei Weather Station (CWB)),t
taipei,2026-03-31 00:00:00,30.1,19.9,,open-meteo (Taipei Weather Station (CWB)),t
taipei,2026-04-01 00:00:00,22.0,18.0,,open-meteo (Taipei Weather Station (CWB)),t
taipei,2026-04-02 00:00:00,25.9,16.2,,open-meteo (Taipei Weather Station (CWB)),t
taipei,2026-04-03 00:00:00,27.9,18.4,,open-meteo (Taipei Weather Station (CWB)),t
taipei,2026-04-04 00:00:00,24.8,19.0,,open-meteo (Taipei Weather Station (CWB)),t
taipei,2026-04-05 00:00:00,27.9,18.5,,open-meteo (Taipei Weather Station (CWB)),t
taipei,2026-04-06 00:00:00,29.2,20.6,,open-meteo (Taipei Weather Station (CWB)),t
taipei,2026-04-07 00:00:00,24.1,19.6,,open-meteo (Taipei Weather Station (CWB)),t
taipei,2026-04-08 00:00:00,26.9,19.6,,open-meteo (Taipei Weather Station (CWB)),t
taipei,2026-04-09 00:00:00,30.1,21.4,,open-meteo (Taipei Weather Station (CWB)),t
taipei,2026-04-10 00:00:00,30.5,22.2,,open-meteo (Taipei Weather Station (CWB)),t
taipei,2026-04-11 00:00:00,31.1,22.3,,open-meteo (Taipei Weather Station (CWB)),t
taipei,2026-04-12 00:00:00,30.9,23.5,,open-meteo (Taipei Weather Station (CWB)),t
taipei,2026-04-13 00:00:00,31.0,22.0,,open-meteo (Taipei Weather Station (CWB)),t
taipei,2026-04-14 00:00:00,31.5,22.5,,open-meteo (Taipei Weather Station (CWB)),t
taipei,2026-04-15 00:00:00,31.4,22.1,,open-meteo (Taipei Weather Station (CWB)),t
taipei,2026-04-16 00:00:00,30.5,21.7,,open-meteo (Taipei Weather Station (CWB)),t
taipei,2026-04-17 00:00:00,29.0,22.4,,open-meteo (Taipei Weather Station (CWB)),t
taipei,2026-04-18 00:00:00,29.2,21.4,,open-meteo (Taipei Weather Station (CWB)),t
taipei,2026-04-19 00:00:00,28.3,20.1,,open-meteo (Taipei Weather Station (CWB)),t
taipei,2026-04-20 00:00:00,30.0,18.0,,open-meteo (Taipei Weather Station (CWB)),t
taipei,2026-04-21 00:00:00,28.6,21.4,,open-meteo (Taipei Weather Station (CWB)),t
taipei,2026-04-22 00:00:00,30.4,20.8,,open-meteo (Taipei Weather Station (CWB)),t
taipei,2026-04-23 00:00:00,30.4,20.3,,open-meteo (Taipei Weather Station (CWB)),t
taipei,2026-04-24 00:00:00,22.7,18.5,,open-meteo (Taipei Weather Station (CWB)),t
taipei,2026-04-25 00:00:00,23.1,18.1,,open-meteo (Taipei Weather Station (CWB)),t
taipei,2026-04-26 00:00:00,28.0,17.8,,open-meteo (Taipei Weather Station (CWB)),t
taipei,2026-04-27 00:00:00,30.4,16.6,,open-meteo (Taipei Weather Station (CWB)),t
taipei,2026-04-28 00:00:00,30.2,18.2,,open-meteo (Taipei Weather Station (CWB)),t
taipei,2026-04-29 00:00:00,30.9,21.1,,open-meteo (Taipei Weather Station (CWB)),t
taipei,2026-04-30 00:00:00,21.7,18.5,,open-meteo (Taipei Weather Station (CWB)),t
taipei,2026-05-01 00:00:00,24.7,18.5,,open-meteo (Taipei Weather Station (CWB)),t
taipei,2026-05-02 00:00:00,29.3,20.3,,open-meteo (Taipei Weather Station (CWB)),t
taipei,2026-05-03 00:00:00,30.8,21.1,,open-meteo (Taipei Weather Station (CWB)),t
taipei,2026-05-04 00:00:00,24.7,16.7,,open-meteo (Taipei Weather Station (CWB)),t
taipei,2026-05-05 00:00:00,22.6,17.5,,open-meteo (Taipei Weather Station (CWB)),t
taipei,2026-05-06 00:00:00,27.0,20.0,,open-meteo (Taipei Weather Station (CWB)),t
taipei,2026-05-07 00:00:00,30.1,19.6,,open-meteo (Taipei Weather Station (CWB)),t
taipei,2026-05-08 00:00:00,26.5,20.9,,open-meteo (Taipei Weather Station (CWB)),t
taipei,2026-05-09 00:00:00,23.6,19.7,,open-meteo (Taipei Weather Station (CWB)),t
taipei,2026-05-10 00:00:00,28.8,20.6,,open-meteo (Taipei Weather Station (CWB)),t
taipei,2026-05-11 00:00:00,28.0,22.3,,open-meteo (Taipei Weather Station (CWB)),t
taipei,2026-05-12 00:00:00,30.1,21.4,,open-meteo (Taipei Weather Station (CWB)),t
taipei,2026-05-13 00:00:00,29.3,21.4,,open-meteo (Taipei Weather Station (CWB)),t
taipei,2026-05-14 00:00:00,25.4,20.1,,open-meteo (Taipei Weather Station (CWB)),t
taipei,2026-05-15 00:00:00,26.9,20.8,,open-meteo (Taipei Weather Station (CWB)),t
taipei,2026-05-16 00:00:00,28.4,22.6,,open-meteo (Taipei Weather Station (CWB)),t
taipei,2026-05-17 00:00:00,28.7,22.6,,open-meteo (Taipei Weather Station (CWB)),t
taipei,2026-05-18 00:00:00,31.5,21.2,,open-meteo (Taipei Weather Station (CWB)),t
taipei,2026-05-19 00:00:00,29.8,21.1,,open-meteo (Taipei Weather Station (CWB)),t
taipei,2026-05-20 00:00:00,32.0,22.2,,open-meteo (Taipei Weather Station (CWB)),t
taipei,2026-05-21 00:00:00,32.7,23.6,,open-meteo (Taipei Weather Station (CWB)),t
taipei,2026-05-22 00:00:00,32.6,24.4,,open-meteo (Taipei Weather Station (CWB)),t
taipei,2026-05-23 00:00:00,33.9,24.7,,open-meteo (Taipei Weather Station (CWB)),t
taipei,2026-05-24 00:00:00,32.4,25.2,,open-meteo (Taipei Weather Station (CWB)),t
taipei,2026-05-25 00:00:00,33.4,24.5,,open-meteo (Taipei Weather Station (CWB)),t
taipei,2026-05-26 00:00:00,35.7,25.2,,open-meteo (Taipei Weather Station (CWB)),t
taipei,2026-05-27 00:00:00,36.8,27.0,,open-meteo (Taipei Weather Station (CWB)),t
taipei,2026-05-28 00:00:00,37.5,25.9,,open-meteo (Taipei Weather Station (CWB)),t
taipei,2026-05-29 00:00:00,29.4,24.1,,open-meteo (Taipei Weather Station (CWB)),t
taipei,2026-05-30 00:00:00,30.0,23.1,,open-meteo (Taipei Weather Station (CWB)),t
taipei,2026-05-31 00:00:00,29.2,21.3,,open-meteo (Taipei Weather Station (CWB)),t
taipei,2026-06-01 00:00:00,28.7,21.7,,open-meteo (Taipei Weather Station (CWB)),t
taipei,2026-06-02 00:00:00,34.2,23.7,,open-meteo (Taipei Weather Station (CWB)),t
taipei,2026-06-03 00:00:00,35.7,25.1,,open-meteo (Taipei Weather Station (CWB)),t
taipei,2026-06-04 00:00:00,35.0,26.5,,open-meteo (Taipei Weather Station (CWB)),t
taipei,2026-06-05 00:00:00,27.9,25.5,,open-meteo (Taipei Weather Station (CWB)),t
taipei,2026-06-06 00:00:00,28.7,25.0,,open-meteo (Taipei Weather Station (CWB)),t
taipei,2026-06-07 00:00:00,31.3,24.7,,open-meteo (Taipei Weather Station (CWB)),t
taipei,2026-06-08 00:00:00,34.0,25.0,,open-meteo (Taipei Weather Station (CWB)),t
tokyo,2026-03-30 00:00:00,19.4,11.4,,open-meteo (Tokyo JMA Observatory),t
tokyo,2026-03-31 00:00:00,19.2,15.9,,open-meteo (Tokyo JMA Observatory),t
tokyo,2026-04-01 00:00:00,17.8,10.8,,open-meteo (Tokyo JMA Observatory),t
tokyo,2026-04-02 00:00:00,16.1,9.0,,open-meteo (Tokyo JMA Observatory),t
tokyo,2026-04-03 00:00:00,18.0,6.9,,open-meteo (Tokyo JMA Observatory),t
tokyo,2026-04-04 00:00:00,15.9,12.1,,open-meteo (Tokyo JMA Observatory),t
tokyo,2026-04-05 00:00:00,23.2,13.3,,open-meteo (Tokyo JMA Observatory),t
tokyo,2026-04-06 00:00:00,22.7,14.7,,open-meteo (Tokyo JMA Observatory),t
tokyo,2026-04-07 00:00:00,18.3,8.6,,open-meteo (Tokyo JMA Observatory),t
tokyo,2026-04-08 00:00:00,16.7,6.4,,open-meteo (Tokyo JMA Observatory),t
tokyo,2026-04-09 00:00:00,18.9,9.1,,open-meteo (Tokyo JMA Observatory),t
tokyo,2026-04-10 00:00:00,20.0,15.6,,open-meteo (Tokyo JMA Observatory),t
tokyo,2026-04-11 00:00:00,25.5,15.2,,open-meteo (Tokyo JMA Observatory),t
tokyo,2026-04-12 00:00:00,21.4,12.2,,open-meteo (Tokyo JMA Observatory),t
tokyo,2026-04-13 00:00:00,22.6,12.1,,open-meteo (Tokyo JMA Observatory),t
tokyo,2026-04-14 00:00:00,23.5,14.1,,open-meteo (Tokyo JMA Observatory),t
tokyo,2026-04-15 00:00:00,23.0,14.1,,open-meteo (Tokyo JMA Observatory),t
tokyo,2026-04-16 00:00:00,21.3,10.6,,open-meteo (Tokyo JMA Observatory),t
tokyo,2026-04-17 00:00:00,17.8,8.3,,open-meteo (Tokyo JMA Observatory),t
tokyo,2026-04-18 00:00:00,21.0,10.9,,open-meteo (Tokyo JMA Observatory),t
tokyo,2026-04-19 00:00:00,24.5,13.4,,open-meteo (Tokyo JMA Observatory),t
tokyo,2026-04-20 00:00:00,23.5,14.4,,open-meteo (Tokyo JMA Observatory),t
tokyo,2026-04-21 00:00:00,24.8,16.5,,open-meteo (Tokyo JMA Observatory),t
tokyo,2026-04-22 00:00:00,23.3,12.2,,open-meteo (Tokyo JMA Observatory),t
tokyo,2026-04-23 00:00:00,20.2,12.6,,open-meteo (Tokyo JMA Observatory),t
tokyo,2026-04-24 00:00:00,18.7,11.9,,open-meteo (Tokyo JMA Observatory),t
tokyo,2026-04-25 00:00:00,17.5,10.8,,open-meteo (Tokyo JMA Observatory),t
tokyo,2026-04-26 00:00:00,20.3,9.2,,open-meteo (Tokyo JMA Observatory),t
tokyo,2026-04-27 00:00:00,21.6,11.8,,open-meteo (Tokyo JMA Observatory),t
tokyo,2026-04-28 00:00:00,22.5,10.5,,open-meteo (Tokyo JMA Observatory),t
tokyo,2026-04-29 00:00:00,18.5,14.2,,open-meteo (Tokyo JMA Observatory),t
tokyo,2026-04-30 00:00:00,15.4,12.1,,open-meteo (Tokyo JMA Observatory),t
tokyo,2026-05-01 00:00:00,20.4,10.7,,open-meteo (Tokyo JMA Observatory),t
tokyo,2026-05-02 00:00:00,26.1,12.9,,open-meteo (Tokyo JMA Observatory),t
tokyo,2026-05-03 00:00:00,23.1,13.9,,open-meteo (Tokyo JMA Observatory),t
tokyo,2026-05-04 00:00:00,26.3,15.2,,open-meteo (Tokyo JMA Observatory),t
tokyo,2026-05-05 00:00:00,21.4,11.6,,open-meteo (Tokyo JMA Observatory),t
tokyo,2026-05-06 00:00:00,20.2,14.8,,open-meteo (Tokyo JMA Observatory),t
tokyo,2026-05-07 00:00:00,24.5,16.0,,open-meteo (Tokyo JMA Observatory),t
tokyo,2026-05-08 00:00:00,25.8,17.5,,open-meteo (Tokyo JMA Observatory),t
tokyo,2026-05-09 00:00:00,23.9,16.1,,open-meteo (Tokyo JMA Observatory),t
tokyo,2026-05-10 00:00:00,24.4,14.1,,open-meteo (Tokyo JMA Observatory),t
tokyo,2026-05-11 00:00:00,25.1,17.0,,open-meteo (Tokyo JMA Observatory),t
tokyo,2026-05-12 00:00:00,25.7,16.7,,open-meteo (Tokyo JMA Observatory),t
tokyo,2026-05-13 00:00:00,27.5,15.6,,open-meteo (Tokyo JMA Observatory),t
tokyo,2026-05-14 00:00:00,26.6,14.6,,open-meteo (Tokyo JMA Observatory),t
tokyo,2026-05-15 00:00:00,24.4,13.6,,open-meteo (Tokyo JMA Observatory),t
tokyo,2026-05-16 00:00:00,27.2,14.4,,open-meteo (Tokyo JMA Observatory),t
tokyo,2026-05-17 00:00:00,31.1,17.0,,open-meteo (Tokyo JMA Observatory),t
tokyo,2026-05-18 00:00:00,30.1,17.9,,open-meteo (Tokyo JMA Observatory),t
tokyo,2026-05-19 00:00:00,29.9,18.2,,open-meteo (Tokyo JMA Observatory),t
tokyo,2026-05-20 00:00:00,30.9,19.5,,open-meteo (Tokyo JMA Observatory),t
tokyo,2026-05-21 00:00:00,23.5,15.7,,open-meteo (Tokyo JMA Observatory),t
tokyo,2026-05-22 00:00:00,17.7,12.4,,open-meteo (Tokyo JMA Observatory),t
tokyo,2026-05-23 00:00:00,17.2,11.6,,open-meteo (Tokyo JMA Observatory),t
tokyo,2026-05-24 00:00:00,22.6,13.2,,open-meteo (Tokyo JMA Observatory),t
tokyo,2026-05-25 00:00:00,25.9,16.5,,open-meteo (Tokyo JMA Observatory),t
tokyo,2026-05-26 00:00:00,26.5,17.5,,open-meteo (Tokyo JMA Observatory),t
tokyo,2026-05-27 00:00:00,28.1,18.8,,open-meteo (Tokyo JMA Observatory),t
tokyo,2026-05-28 00:00:00,28.9,20.6,,open-meteo (Tokyo JMA Observatory),t
tokyo,2026-05-29 00:00:00,32.3,22.6,,open-meteo (Tokyo JMA Observatory),t
tokyo,2026-05-30 00:00:00,30.0,20.9,,open-meteo (Tokyo JMA Observatory),t
tokyo,2026-05-31 00:00:00,32.2,21.2,,open-meteo (Tokyo JMA Observatory),t
tokyo,2026-06-01 00:00:00,34.2,20.5,,open-meteo (Tokyo JMA Observatory),t
tokyo,2026-06-02 00:00:00,26.2,20.0,,open-meteo (Tokyo JMA Observatory),t
tokyo,2026-06-03 00:00:00,20.2,18.2,,open-meteo (Tokyo JMA Observatory),t
tokyo,2026-06-04 00:00:00,23.5,18.0,,open-meteo (Tokyo JMA Observatory),t
tokyo,2026-06-05 00:00:00,20.6,15.8,,open-meteo (Tokyo JMA Observatory),t
tokyo,2026-06-06 00:00:00,23.0,15.2,,open-meteo (Tokyo JMA Observatory),t
tokyo,2026-06-07 00:00:00,21.8,15.6,,open-meteo (Tokyo JMA Observatory),t
tokyo,2026-06-08 00:00:00,23.0,19.0,,open-meteo (Tokyo JMA Observatory),t
toronto,2026-03-30 00:00:00,20.1,2.5,,open-meteo (Toronto Pearson International Airport),t
toronto,2026-03-31 00:00:00,19.7,10.1,,open-meteo (Toronto Pearson International Airport),t
toronto,2026-04-01 00:00:00,11.9,1.1,,open-meteo (Toronto Pearson International Airport),t
toronto,2026-04-02 00:00:00,4.7,-0.3,,open-meteo (Toronto Pearson International Airport),t
toronto,2026-04-03 00:00:00,22.4,4.1,,open-meteo (Toronto Pearson International Airport),t
toronto,2026-04-04 00:00:00,6.4,2.3,,open-meteo (Toronto Pearson International Airport),t
toronto,2026-04-05 00:00:00,10.0,1.0,,open-meteo (Toronto Pearson International Airport),t
toronto,2026-04-06 00:00:00,6.1,-1.1,,open-meteo (Toronto Pearson International Airport),t
toronto,2026-04-07 00:00:00,1.1,-5.3,,open-meteo (Toronto Pearson International Airport),t
toronto,2026-04-08 00:00:00,4.3,-5.9,,open-meteo (Toronto Pearson International Airport),t
toronto,2026-04-09 00:00:00,18.1,0.1,,open-meteo (Toronto Pearson International Airport),t
toronto,2026-04-10 00:00:00,7.2,2.3,,open-meteo (Toronto Pearson International Airport),t
toronto,2026-04-11 00:00:00,9.6,-0.6,,open-meteo (Toronto Pearson International Airport),t
toronto,2026-04-12 00:00:00,10.9,0.2,,open-meteo (Toronto Pearson International Airport),t
toronto,2026-04-13 00:00:00,21.0,13.6,,open-meteo (Toronto Pearson International Airport),t
toronto,2026-04-14 00:00:00,22.1,10.0,,open-meteo (Toronto Pearson International Airport),t
toronto,2026-04-15 00:00:00,20.5,7.0,,open-meteo (Toronto Pearson International Airport),t
toronto,2026-04-16 00:00:00,20.8,13.1,,open-meteo (Toronto Pearson International Airport),t
toronto,2026-04-17 00:00:00,17.8,9.0,,open-meteo (Toronto Pearson International Airport),t
toronto,2026-04-18 00:00:00,21.3,6.7,,open-meteo (Toronto Pearson International Airport),t
toronto,2026-04-19 00:00:00,7.2,-0.6,,open-meteo (Toronto Pearson International Airport),t
toronto,2026-04-20 00:00:00,3.7,-2.0,,open-meteo (Toronto Pearson International Airport),t
toronto,2026-04-21 00:00:00,12.1,-2.6,,open-meteo (Toronto Pearson International Airport),t
toronto,2026-04-22 00:00:00,17.6,2.6,,open-meteo (Toronto Pearson International Airport),t
toronto,2026-04-23 00:00:00,16.1,4.6,,open-meteo (Toronto Pearson International Airport),t
toronto,2026-04-24 00:00:00,8.9,6.0,,open-meteo (Toronto Pearson International Airport),t
toronto,2026-04-25 00:00:00,9.4,4.2,,open-meteo (Toronto Pearson International Airport),t
toronto,2026-04-26 00:00:00,14.4,1.8,,open-meteo (Toronto Pearson International Airport),t
toronto,2026-04-27 00:00:00,17.1,3.8,,open-meteo (Toronto Pearson International Airport),t
toronto,2026-04-28 00:00:00,16.2,9.8,,open-meteo (Toronto Pearson International Airport),t
toronto,2026-04-29 00:00:00,12.6,5.2,,open-meteo (Toronto Pearson International Airport),t
toronto,2026-04-30 00:00:00,11.0,3.8,,open-meteo (Toronto Pearson International Airport),t
toronto,2026-05-01 00:00:00,9.9,-0.2,,open-meteo (Toronto Pearson International Airport),t
toronto,2026-05-02 00:00:00,7.4,0.2,,open-meteo (Toronto Pearson International Airport),t
toronto,2026-05-03 00:00:00,14.5,-0.4,,open-meteo (Toronto Pearson International Airport),t
toronto,2026-05-04 00:00:00,21.2,8.6,,open-meteo (Toronto Pearson International Airport),t
toronto,2026-05-05 00:00:00,17.1,9.1,,open-meteo (Toronto Pearson International Airport),t
toronto,2026-05-06 00:00:00,9.4,4.4,,open-meteo (Toronto Pearson International Airport),t
toronto,2026-05-07 00:00:00,11.7,2.3,,open-meteo (Toronto Pearson International Airport),t
toronto,2026-05-08 00:00:00,12.7,2.1,,open-meteo (Toronto Pearson International Airport),t
toronto,2026-05-09 00:00:00,18.4,5.0,,open-meteo (Toronto Pearson International Airport),t
toronto,2026-05-10 00:00:00,12.0,3.8,,open-meteo (Toronto Pearson International Airport),t
toronto,2026-05-11 00:00:00,12.2,3.5,,open-meteo (Toronto Pearson International Airport),t
toronto,2026-05-12 00:00:00,13.9,0.8,,open-meteo (Toronto Pearson International Airport),t
toronto,2026-05-13 00:00:00,16.3,6.2,,open-meteo (Toronto Pearson International Airport),t
toronto,2026-05-14 00:00:00,11.3,6.3,,open-meteo (Toronto Pearson International Airport),t
toronto,2026-05-15 00:00:00,19.9,7.2,,open-meteo (Toronto Pearson International Airport),t
toronto,2026-05-16 00:00:00,21.2,9.6,,open-meteo (Toronto Pearson International Airport),t
toronto,2026-05-17 00:00:00,29.2,13.4,,open-meteo (Toronto Pearson International Airport),t
toronto,2026-05-18 00:00:00,32.4,18.6,,open-meteo (Toronto Pearson International Airport),t
toronto,2026-05-19 00:00:00,30.2,20.4,,open-meteo (Toronto Pearson International Airport),t
toronto,2026-05-20 00:00:00,22.9,9.9,,open-meteo (Toronto Pearson International Airport),t
toronto,2026-05-21 00:00:00,16.8,6.5,,open-meteo (Toronto Pearson International Airport),t
toronto,2026-05-22 00:00:00,17.4,7.8,,open-meteo (Toronto Pearson International Airport),t
toronto,2026-05-23 00:00:00,13.8,7.7,,open-meteo (Toronto Pearson International Airport),t
toronto,2026-05-24 00:00:00,15.9,7.9,,open-meteo (Toronto Pearson International Airport),t
toronto,2026-05-25 00:00:00,21.5,11.9,,open-meteo (Toronto Pearson International Airport),t
toronto,2026-05-26 00:00:00,28.0,14.7,,open-meteo (Toronto Pearson International Airport),t
toronto,2026-05-27 00:00:00,25.2,15.6,,open-meteo (Toronto Pearson International Airport),t
toronto,2026-05-28 00:00:00,19.5,11.9,,open-meteo (Toronto Pearson International Airport),t
toronto,2026-05-29 00:00:00,25.4,9.2,,open-meteo (Toronto Pearson International Airport),t
toronto,2026-05-30 00:00:00,21.0,8.6,,open-meteo (Toronto Pearson International Airport),t
toronto,2026-05-31 00:00:00,24.4,10.2,,open-meteo (Toronto Pearson International Airport),t
toronto,2026-06-01 00:00:00,21.6,10.9,,open-meteo (Toronto Pearson International Airport),t
toronto,2026-06-02 00:00:00,26.1,11.1,,open-meteo (Toronto Pearson International Airport),t
toronto,2026-06-03 00:00:00,30.0,13.9,,open-meteo (Toronto Pearson International Airport),t
toronto,2026-06-04 00:00:00,30.3,14.7,,open-meteo (Toronto Pearson International Airport),t
toronto,2026-06-05 00:00:00,31.6,18.0,,open-meteo (Toronto Pearson International Airport),t
toronto,2026-06-06 00:00:00,24.9,18.7,,open-meteo (Toronto Pearson International Airport),t
toronto,2026-06-07 00:00:00,24.5,15.0,,open-meteo (Toronto Pearson International Airport),t
toronto,2026-06-08 00:00:00,23.0,16.0,,open-meteo (Toronto Pearson International Airport),t
